id,label
4589,1
26,0
5446,1
7606,0
6498,0
4681,0
8984,1
5491,1
4434,1
3738,0
3609,0
11764,1
5319,1
1268,0
33,1
10727,0
11528,0
9302,1
1500,1
4256,1
6267,0
5366,1
5221,1
3846,1
7432,1
4577,1
3351,1
416,0
9778,1
1003,1
5400,0
5205,0
11814,1
6433,0
9396,1
2186,0
929,0
8609,1
11808,0
1450,0
10725,1
9671,1
2853,1
4400,1
408,1
7011,0
3414,1
4317,1
2966,0
6814,1
10094,1
5186,1
9196,1
98,0
9933,1
2010,1
5942,0
3801,1
5046,1
10309,0
3555,0
10308,0
8363,1
2725,1
8784,1
3663,1
762,0
1985,0
4169,0
3687,1
10852,0
10820,1
10347,0
10125,0
7050,0
4804,0
12475,0
5092,1
3720,1
2877,0
8339,0
10150,1
10395,1
8897,1
10138,1
10982,1
2635,1
6907,1
39,1
5336,1
7446,1
2569,1
3321,1
8586,0
7174,0
8751,1
9628,0
8526,1
12257,0
11589,1
3797,1
8553,1
3509,1
1848,1
5424,0
2049,0
2763,1
7013,1
4185,0
2154,1
3874,1
7732,1
7749,0
10681,0
5375,1
7377,0
294,1
7541,0
2844,1
5641,1
11678,1
6108,1
137,1
7824,0
5099,0
296,1
5404,1
11010,1
7026,1
9712,0
916,1
8282,1
9869,1
5416,0
12468,0
12362,0
10733,1
9998,0
4834,1
3355,0
278,0
4954,1
7817,0
4418,1
6018,1
9194,0
7533,0
396,1
1320,1
10530,1
10276,1
5454,0
272,0
337,0
3927,1
3639,1
10643,0
9428,1
11192,1
10096,1
5017,0
3367,1
9918,1
10558,1
2007,1
1465,0
783,1
5149,1
6891,1
9438,1
1294,1
3096,0
2216,1
6947,0
7527,0
2380,1
7739,0
8744,1
1540,0
6143,0
172,1
4506,0
9145,1
10944,1
9613,1
11212,1
4924,0
10106,0
5623,0
259,1
3427,1
12076,1
9786,0
7470,0
2628,1
5654,1
2273,0
8928,0
2487,1
6055,1
4679,1
9702,0
7904,0
4879,1
4174,1
584,1
4336,1
429,1
8472,1
9412,0
8505,1
11049,1
6499,1
942,0
4035,1
12474,0
879,0
7939,0
2513,0
9498,0
469,1
7041,0
1545,1
10071,0
6261,0
10201,0
1821,1
11611,1
9959,1
6031,0
5597,0
4851,1
7622,1
1612,1
8515,1
1489,0
7055,1
5518,0
12227,0
10946,1
4984,1
4799,1
959,1
8498,0
3493,1
6719,1
10254,1
3375,0
2695,0
5869,1
204,1
2954,0
752,1
6190,1
9818,0
4958,0
7873,1
8542,1
6092,0
6147,1
9494,0
1324,0
1047,1
5861,1
10887,0
1578,0
10671,0
5155,1
4111,0
214,1
3788,0
11833,1
10907,1
4362,1
8025,1
5584,1
6112,0
9692,1
2769,1
12017,1
509,1
200,0
7283,1
9225,0
4484,1
4450,0
10726,1
3061,0
12262,1
5352,1
2250,1
4785,1
5975,1
11606,1
10711,1
4588,1
11829,1
8022,0
4298,0
6145,0
5964,1
1078,0
2417,1
8222,1
8681,0
8937,1
3945,1
11405,1
8530,1
548,0
543,1
3065,0
1833,0
7735,1
2006,0
4920,0
3339,1
9615,1
9525,0
524,1
9781,0
1395,1
6823,1
1186,1
307,1
3116,1
8100,0
8610,1
3492,1
8655,0
6399,1
11189,1
7219,1
7365,1
5171,1
9816,1
10232,1
9108,0
8299,0
6983,0
2401,1
4517,0
1763,0
9488,1
1368,0
5738,1
9476,1
5595,1
1089,1
6057,1
6024,0
4535,0
2056,0
9123,0
386,0
5436,0
7431,1
6780,0
3822,0
1070,1
4807,1
10494,1
2833,1
12008,0
1935,0
5041,0
8568,1
3802,1
12217,0
2344,1
5890,1
9585,1
8479,0
8177,1
6220,0
6035,1
8523,0
8755,0
11959,0
8179,0
6044,0
4687,1
11245,0
11657,0
5689,0
1308,0
1090,0
2390,1
9224,1
2022,0
2426,0
6169,1
3166,1
8074,1
1067,1
5819,1
11371,1
2194,1
5309,0
5348,0
10570,1
2642,0
6167,1
2355,1
7782,1
59,1
8248,0
659,1
10628,0
4398,0
1051,1
3182,1
8336,0
7059,1
1547,1
5054,0
4347,1
5991,1
28,0
6990,0
5968,1
6324,1
4826,1
5961,1
1272,1
8344,1
2347,1
3668,0
1699,0
10451,0
5643,1
297,1
8127,1
6956,1
2757,1
2068,1
6581,0
3424,1
5327,1
9309,0
4407,1
1936,0
6110,0
10174,0
4674,1
5966,1
6951,1
2307,0
3642,1
1197,1
3359,1
3803,1
10782,0
5406,1
8425,0
2899,1
2336,0
9070,1
3113,0
6478,1
7949,1
309,0
4227,1
11151,1
150,1
11064,0
10838,1
9890,1
12486,1
11236,1
3551,1
7299,0
5506,1
2939,1
6697,0
9649,1
6767,0
6079,1
2586,1
8242,1
3697,0
8632,1
12219,0
5365,1
4292,1
1662,1
2046,1
12354,0
9565,1
6601,1
286,0
221,0
2029,0
6848,0
1258,1
32,1
11719,0
5066,0
5447,0
5903,1
6224,0
10864,1
3854,0
9791,0
11330,0
1736,1
5119,1
140,1
6806,1
7054,1
2778,1
6291,0
9234,0
555,1
6299,0
3433,0
2654,0
8250,0
9211,0
1824,0
4239,0
8334,0
7170,0
2480,1
4498,0
10381,1
9209,0
11396,1
1728,1
9006,1
6648,1
1202,0
9262,0
10457,1
4829,0
8101,0
4426,1
10737,0
7267,1
11294,1
3708,1
6506,1
5878,1
6229,1
10136,1
5138,0
9487,0
10439,0
4680,0
2268,0
6636,1
516,0
2982,1
11275,1
7560,0
4300,1
2887,0
3279,0
10523,1
1704,1
8656,0
9857,0
2311,1
248,1
5073,0
4491,1
3541,0
7176,1
11482,1
2859,0
9100,0
255,1
9610,0
6369,1
2900,1
8032,1
12218,0
11085,1
10556,1
5378,1
11215,0
10056,0
4198,1
3259,0
10367,1
7963,1
2822,1
2597,0
11550,1
3885,0
5970,1
4129,1
5758,1
9383,0
12023,1
10255,1
12156,0
11732,1
2365,0
242,0
4128,1
2958,1
11041,0
949,1
10223,0
12438,1
10064,0
318,0
10487,1
10282,0
3072,1
6799,1
2149,1
12245,0
4196,1
10555,0
1552,1
5488,1
1535,1
9202,1
6455,1
8166,1
11935,1
7929,1
887,1
11505,0
2370,1
3039,1
5886,1
2266,0
9705,0
10885,1
6564,0
2670,0
9016,0
8964,1
1559,0
9605,0
11340,0
9696,0
4463,0
6982,1
4857,0
1420,0
8435,1
10218,0
10603,0
287,0
3282,1
8543,1
5082,0
7485,0
7807,1
2245,1
9310,1
5828,1
2548,1
7537,0
3578,1
10913,1
3616,0
5031,0
8332,1
7409,0
8055,1
662,0
4320,0
11160,0
8946,0
4229,0
8745,1
7334,1
710,1
10518,1
9335,1
9824,0
9852,0
7056,0
2366,1
5397,0
11514,0
2784,0
9570,0
11199,0
7030,0
4154,0
1190,0
1773,1
7480,1
10662,0
8625,0
1461,1
8797,1
7463,1
6383,0
11885,0
10642,1
10904,1
12099,0
11891,0
11598,1
7046,0
7526,1
9623,0
8153,1
6613,0
11333,1
571,0
8061,0
7053,1
7604,0
3936,1
5370,1
99,1
10388,0
6277,1
10756,1
6922,0
3694,1
8916,0
5270,0
11621,1
1482,0
5812,1
11796,0
5511,0
7655,0
9023,1
11931,0
7793,0
2753,1
12177,1
11703,0
8673,0
10686,0
1171,1
3735,0
7015,0
10813,0
10009,1
9713,1
1204,1
112,0
9160,1
1252,0
4637,0
9974,0
6430,0
6961,0
3747,0
10018,0
8014,1
6504,0
6172,0
2066,0
6657,1
2036,1
8899,0
1515,0
7292,1
10916,0
12047,0
9806,1
6921,0
12185,0
1903,1
450,1
11200,1
2866,0
3462,0
2637,0
5317,1
4267,1
10902,1
5639,0
9297,1
6068,1
994,0
12087,1
6418,0
12074,0
7958,0
2367,1
7091,0
8817,1
11035,1
3099,1
4794,1
2727,1
1697,1
1615,1
5061,0
5464,1
9687,0
9598,0
1441,0
11802,1
8573,0
11397,1
6008,0
10472,0
1769,0
1164,0
11533,1
8757,0
4072,1
9964,0
11762,0
4014,0
10661,0
7187,0
3084,0
8952,1
3745,1
5490,1
2389,1
9553,1
1854,0
7045,1
9617,0
6737,1
10512,0
3076,1
5055,1
9483,0
1188,0
1073,0
11096,1
10670,0
7364,1
1668,1
6957,1
11819,0
10245,0
7636,0
4461,1
7393,1
8007,0
10821,1
6395,1
8413,1
2766,1
356,1
8402,0
8226,0
7791,1
12359,0
2845,1
6993,0
11939,1
4284,0
9474,1
7161,1
6247,0
3341,1
12328,1
5774,1
7915,1
3776,1
549,0
1137,1
10925,1
6974,1
10632,1
8232,0
2351,1
3596,1
5753,0
1631,1
4971,1
7326,1
4444,0
4344,1
10964,1
3254,0
5983,1
6543,0
8747,0
7765,1
4248,1
8646,0
7173,1
4467,1
8700,1
11131,1
2204,0
3060,0
9172,0
6264,1
7879,0
8191,0
1254,1
5142,1
10814,0
7884,0
9163,1
2374,1
8694,0
9426,1
10365,0
11038,0
9726,1
1301,1
2453,0
6322,0
4301,1
11870,1
1632,1
1438,1
6874,0
12371,1
10586,1
6449,1
2803,0
2643,1
1303,0
3300,0
1814,1
6387,1
2517,0
4899,0
60,1
1796,0
6255,1
12080,0
12277,0
5632,1
4598,1
8796,1
1034,1
6914,0
9300,1
7903,1
6931,0
3956,1
6446,0
4439,1
4487,0
8795,1
2447,1
917,1
5320,0
5588,1
7262,0
9538,0
9624,1
4403,0
6401,0
374,1
9602,0
8453,0
11183,1
11342,1
3878,0
7544,1
1351,1
8996,0
1521,0
181,1
1374,1
7509,1
11061,0
5391,1
10073,1
8408,0
8551,1
12298,0
2467,0
305,0
9647,1
300,1
4779,0
3439,1
1417,0
377,1
2003,0
4404,1
10178,1
7937,1
8340,0
10072,1
9927,1
768,0
5081,1
4161,1
5178,0
10291,1
1869,1
11225,1
1550,0
11300,1
11364,0
4585,1
6135,0
12379,1
3837,0
7310,0
3146,0
4313,1
8699,0
9463,1
7503,1
7774,0
11574,0
5282,0
11468,1
3443,0
2739,1
9,0
2024,1
3118,1
4861,1
5324,0
2171,0
10538,0
1526,1
3036,0
8790,0
8648,1
5405,1
6423,0
3371,1
6699,1
8458,0
5806,0
2325,0
3623,1
10768,1
2079,0
11989,0
3978,0
1084,0
9356,0
5289,1
5111,0
4612,1
1152,1
1475,0
11380,0
10117,0
9746,1
12166,0
8844,1
6396,0
3985,1
11015,0
5932,0
329,0
11387,1
3491,0
4645,0
10180,1
6374,1
1872,1
889,0
8016,1
6039,1
1423,1
9239,0
10797,0
3426,0
5078,0
3100,0
2449,1
6476,1
3995,1
6099,1
2086,1
8541,1
9658,0
12307,0
6434,0
277,1
1703,0
3845,1
5569,0
820,1
3324,0
8235,1
4938,0
7676,0
9404,1
735,1
158,1
1456,1
2942,1
12086,1
3615,0
22,1
12383,0
8345,1
7084,0
6191,1
8048,1
6148,0
8697,1
6671,1
6269,0
926,0
3243,1
2176,1
4845,0
5905,1
7096,1
11022,0
8158,1
3465,1
7153,1
7225,1
7268,0
1206,1
6587,1
8154,0
3075,1
11390,0
4725,0
5340,1
196,1
3121,0
8106,1
8142,0
8327,1
9074,0
10517,0
6933,1
7658,0
10537,1
2679,1
7723,1
6127,0
378,0
803,1
2425,0
4510,0
11996,1
108,1
716,1
7646,0
7698,0
5026,1
479,1
8986,1
9825,1
4131,0
30,0
7988,1
327,1
9925,1
3955,1
5787,0
985,0
3169,0
10703,0
11722,0
2107,0
9711,1
1592,0
8612,1
5102,0
7686,1
8424,1
6088,0
7678,1
8090,0
3028,1
5266,1
7508,0
5321,0
7738,1
4167,1
8788,1
4141,0
1013,0
5815,1
11924,0
10575,0
6065,1
9432,0
749,1
5671,0
11278,1
9934,1
5785,0
9611,0
8706,1
383,1
6748,0
2492,0
1718,0
11571,1
11937,0
7150,0
5891,1
5993,1
9444,1
941,1
11569,0
11321,0
6470,0
6718,1
9766,0
3603,0
5882,1
11985,1
657,1
7613,1
7113,0
2341,0
10336,0
2734,1
8403,1
4371,1
11158,1
8018,0
12335,1
9216,0
9115,1
2136,1
7128,0
11267,1
1826,1
11976,1
7066,1
1240,0
618,0
8833,1
10888,1
1541,1
288,1
11313,1
10363,0
10937,0
3501,0
5899,0
11255,1
11142,0
1366,1
5246,1
3168,0
11625,1
4180,1
11430,0
12460,1
10654,0
7217,1
10424,1
7675,0
11047,1
4126,1
11235,1
8728,1
11006,1
2657,1
5829,0
4056,0
2044,1
5242,1
3766,1
1925,1
8614,0
2008,0
899,1
249,0
9434,0
8371,0
7057,0
1597,1
668,1
9697,1
4370,1
11675,1
8705,1
6528,0
2886,0
9965,1
2014,1
4931,0
3192,1
4942,1
3876,1
8159,0
8247,0
5669,1
10506,0
6128,1
9911,1
64,1
7296,0
3216,1
10528,1
5084,0
8132,0
4929,1
4222,0
1506,1
3970,1
7218,1
4902,0
7099,1
7206,1
5967,0
7316,1
12191,1
6271,0
506,1
9690,0
11591,1
6339,1
10532,1
11408,1
2392,0
9140,0
772,1
2667,0
4304,1
3020,0
6312,0
6078,1
5533,0
4318,0
4184,1
11191,1
405,0
2356,1
10605,0
5166,1
12031,0
581,1
8682,0
4069,0
1878,0
3173,0
744,0
9179,1
3174,1
7104,1
2182,0
4120,0
12285,0
6778,0
5305,1
4250,0
6084,1
7234,0
12316,0
8657,1
12231,1
4226,1
3106,0
1063,0
9254,1
8781,1
7462,0
9887,1
4096,0
321,0
860,1
11786,0
2475,1
1236,1
10504,1
6568,1
9903,0
10524,1
10869,1
10464,1
7999,1
8923,1
19,1
8903,1
7009,0
10168,0
8245,0
102,1
8783,0
9676,0
2713,1
9582,0
4562,1
5516,1
2512,0
4900,0
1551,1
1584,0
11919,0
4282,1
400,1
10432,1
3419,1
12330,0
7702,0
11326,1
1673,0
2579,1
2172,0
11438,1
8253,0
6847,1
6241,1
6878,0
11957,1
10585,0
2718,1
6870,1
2755,1
1296,0
5224,1
2690,0
3429,1
5770,1
491,0
7648,1
892,0
5172,1
7758,1
12092,1
5527,1
7586,1
5050,1
920,0
1760,1
12416,1
2824,1
12054,1
7659,1
2618,0
9292,0
1396,0
6786,0
5303,0
11772,1
11699,1
7671,1
3005,0
9874,0
6868,1
4465,1
5683,0
5868,1
2019,0
163,0
9829,1
12000,0
10334,0
4228,0
11303,1
10899,0
6002,1
6798,0
131,1
3617,0
8622,1
2472,0
5551,1
11020,1
4833,0
9963,0
3810,1
4603,1
3836,1
4130,1
7603,1
1666,0
12476,1
4790,1
1839,1
10919,1
5763,1
7449,1
486,0
10731,0
6869,1
1537,1
8275,1
2740,0
11324,1
12050,0
6619,1
6152,0
4429,1
11051,1
10547,0
9365,1
2093,0
4943,0
1743,0
3105,1
4875,1
8219,1
1663,1
10631,1
3025,0
2986,1
5147,0
7158,1
11381,1
6067,1
21,0
8361,0
10879,1
2272,1
5129,0
6162,1
2483,1
5850,1
9253,1
228,1
4712,0
4578,1
10645,1
1387,1
4921,0
6346,0
7353,1
863,1
211,1
9279,1
9814,0
3115,0
2383,0
12039,1
4714,1
8440,1
10262,1
6447,1
895,1
7998,1
9533,1
6850,0
12053,0
8358,1
11208,1
5307,1
9319,0
12294,0
10387,1
12192,0
7931,1
3651,0
11782,1
10090,0
9495,1
1401,1
6689,0
12077,1
711,1
7778,0
11823,1
166,0
4406,1
1426,0
2089,0
5881,0
1633,1
3156,1
9659,1
8398,0
11153,0
1463,0
7286,0
2187,0
3177,0
12458,0
9040,0
10553,0
4234,1
10854,1
6308,0
10162,1
9306,1
496,0
8493,1
6864,1
6432,1
11669,1
7328,1
7591,1
8696,1
3775,1
5976,1
4309,1
9271,1
7826,1
7598,0
6041,1
11710,1
3233,1
5329,0
10239,1
4355,0
1076,1
11559,1
11055,0
9767,1
538,0
4773,1
4225,0
5767,0
605,0
12315,0
2498,1
11723,1
9524,1
11701,0
6132,0
4290,1
10960,0
11893,1
9018,1
6811,1
3218,0
8688,0
8379,1
4081,0
9572,1
10045,1
11955,1
5704,0
4909,0
4655,0
5820,1
10718,0
8229,1
4358,1
10376,0
552,1
3250,0
11813,0
545,1
11304,1
10249,1
5995,1
10224,0
775,1
8376,0
3349,0
2891,1
8021,1
1457,1
5495,1
11229,0
11522,0
8878,0
12465,0
10017,0
2590,1
6435,0
4821,1
6726,0
2596,0
1279,1
6886,1
11806,1
3785,1
5267,0
11472,1
4354,1
7886,0
3613,1
12090,0
5697,1
2463,0
371,1
2925,1
7274,1
4936,0
8322,1
1122,1
10010,1
8548,0
7171,0
10173,1
1865,1
4478,0
6053,1
9393,0
7002,1
3722,1
6896,1
4415,1
11307,1
7421,1
6669,0
5486,1
7477,1
1522,1
9913,0
11558,1
8893,0
1747,1
2339,1
44,0
2464,0
11778,0
8451,1
10785,0
3312,0
525,1
424,1
5838,0
962,0
2424,1
8325,1
1944,0
10803,0
9586,0
473,1
6858,0
10499,1
7157,1
8297,0
8863,1
10796,0
9875,1
7020,1
358,1
4621,0
6405,0
9655,1
7877,1
11125,1
12010,0
6473,0
4367,1
2087,1
7239,0
3686,0
7098,0
3003,1
6903,0
1391,0
11526,0
11498,1
10801,0
3495,1
5924,1
105,0
7564,1
6546,1
6817,1
12291,1
3452,0
3649,0
10875,1
1956,0
3653,0
8368,1
6076,0
1656,1
6630,1
10392,0
819,0
12385,1
11361,1
9229,1
7666,1
2617,1
2306,1
1680,1
8444,1
10895,1
4539,1
4831,0
8108,0
3445,1
4118,0
11832,1
7906,1
2699,0
4522,0
5952,1
8857,1
4601,1
12372,1
5250,1
10397,0
4202,0
8401,0
2880,1
2941,0
10563,1
843,1
6559,1
3246,1
7804,0
7180,0
1671,0
9657,1
8514,0
77,1
11217,0
6450,1
4963,1
1208,1
9247,1
7198,0
3273,0
8281,1
11899,1
11530,1
5912,0
767,1
3816,1
5086,1
4173,1
3206,1
4052,0
11161,1
9718,1
8950,1
11578,0
6296,1
11609,1
6650,0
2258,0
730,1
5973,1
2299,1
8947,1
7226,0
11991,0
6876,1
8227,1
8380,0
2938,0
3354,1
3043,1
5077,1
5656,1
411,1
8359,0
11767,1
10043,1
9089,0
1287,0
12477,1
8193,1
389,1
9350,0
10636,1
2749,0
1622,1
4251,0
4514,0
719,1
7768,0
9577,1
6090,0
7246,1
3777,0
2164,0
372,0
4188,1
5158,0
5688,1
9923,0
2777,1
11770,0
7152,0
9268,1
8935,0
8764,0
4745,1
2484,1
2611,1
3256,0
5602,1
3432,1
3946,1
9369,1
7207,1
9193,1
9255,1
7907,0
5500,0
130,1
2685,1
11681,1
4757,1
7605,0
2099,1
3511,1
6213,1
4437,1
5550,0
11768,0
12339,0
5213,0
1409,0
8861,0
7276,0
10260,0
10172,1
3027,1
9395,1
7845,0
8134,1
5692,1
7825,0
7067,0
3196,1
5830,1
136,0
7720,1
5214,0
4802,0
5403,1
10660,0
7693,0
7561,0
3527,1
1798,0
5168,1
8713,1
9730,1
3186,0
12028,1
8851,1
1762,0
4296,0
5176,1
7270,1
12001,1
9252,0
10837,1
5460,0
1300,0
1507,1
12161,0
9892,1
8980,1
7093,1
1554,1
2190,0
10958,0
7415,0
6036,1
921,0
5613,1
4927,0
10684,1
948,0
7599,0
224,0
4893,1
10920,1
7910,1
5306,1
822,1
4181,1
11552,1
324,0
7443,1
6228,1
6472,1
9932,1
12242,0
3740,0
254,0
1038,1
10977,0
11459,1
4686,0
7946,1
1772,1
2606,1
11562,1
5872,1
11447,0
7642,1
1930,0
7232,0
11854,0
937,1
9670,1
3635,0
6626,0
7100,1
11912,1
1780,0
2568,0
8511,1
4823,1
5559,0
3437,1
4721,1
1911,1
11288,1
5554,1
9329,0
4995,1
6594,0
1908,1
1978,1
10759,1
9555,0
6575,0
11383,1
2584,0
8958,1
5717,1
7644,1
10181,0
11148,1
291,0
7308,1
12163,1
10281,1
11133,1
11725,1
8298,0
3537,0
4204,0
1860,0
5433,0
7706,0
10823,0
10155,0
3789,1
6125,1
11000,1
11998,1
951,1
5871,1
9489,1
8135,0
10839,0
7983,0
5278,0
8026,0
541,0
5696,0
5468,1
9107,1
10559,0
7868,1
1030,1
151,1
12167,1
5614,0
11566,0
4895,0
5548,1
4628,1
7243,0
4356,0
12250,1
6813,1
5463,0
2648,1
4847,1
2125,0
12073,0
6888,0
8733,0
57,1
4786,0
8316,1
11684,1
1344,0
10876,1
11538,0
3014,0
4751,1
11082,0
8064,0
5437,1
4832,1
1844,0
3514,0
3919,1
5191,1
1628,1
12201,1
1302,0
1460,1
5258,0
615,0
4048,0
5183,0
11195,1
4420,1
7687,1
6973,1
8223,1
4210,1
2781,1
5253,0
5695,0
3018,1
1196,1
10195,1
6151,0
2398,0
5005,0
5157,1
12006,0
11363,1
5621,1
4765,1
11969,1
7712,0
4187,1
9048,0
9662,0
2033,1
10292,0
5412,0
2422,1
5170,0
2560,1
7357,1
3712,0
6807,1
9975,0
7236,1
10637,0
1719,0
5913,1
9772,1
1621,1
5356,0
4638,0
9376,0
5251,1
9587,0
11117,1
838,1
7167,1
7396,0
6887,1
9828,1
9833,1
3637,1
553,1
11739,1
5994,1
2455,1
12153,0
10679,0
9579,0
8746,1
6290,1
9039,0
4022,1
2588,1
1111,0
3139,1
7127,1
9181,0
10067,0
1812,1
11178,1
12479,0
9510,0
511,0
5842,0
4163,0
9727,1
5625,1
2193,1
11289,0
6932,1
4615,1
9087,0
2,1
10189,1
4970,0
12380,1
6133,0
9351,1
8582,0
1991,1
11346,1
12141,1
8912,0
1580,1
5016,0
1640,1
10757,0
12449,1
3994,1
3550,1
1933,1
212,1
9280,1
7908,1
3524,1
6808,0
2737,1
12172,1
2951,1
2545,0
6085,1
8995,0
3742,1
9522,0
3392,0
2354,0
5048,1
11726,0
9981,1
2308,0
9387,1
2937,0
5974,1
10898,1
1864,0
11322,1
1576,1
401,1
6892,1
10924,0
3916,1
12013,1
1041,1
11545,0
6757,1
2728,1
6859,1
12409,1
4472,1
7532,0
11416,1
8143,1
10508,0
8373,0
6628,1
11121,0
6507,1
9537,1
58,0
6087,0
11932,1
10773,1
3143,1
335,1
1142,0
570,0
449,1
10187,1
11670,1
5011,1
9599,1
11616,0
11427,1
1857,0
4125,1
1364,0
5144,0
954,1
6298,0
6620,1
3497,1
4838,0
10342,1
4499,1
6123,0
3640,1
8927,1
11834,1
4797,1
7895,0
8819,1
8214,1
5832,1
2213,0
2302,0
967,1
9422,0
6185,0
515,0
10592,0
6336,1
3104,1
1043,0
170,1
2061,1
8874,1
1226,0
12040,0
1800,1
7718,1
86,1
8241,1
2526,0
3703,0
689,0
3516,0
12007,0
9384,1
628,0
8447,0
10694,0
8051,1
10991,1
9708,1
3750,0
4427,0
10389,1
9722,1
3080,1
5003,0
6734,0
2054,1
2773,0
3225,1
10277,0
10565,0
8889,1
11248,1
7493,1
9753,0
10296,0
3647,1
3188,0
5028,0
1603,1
3293,1
9104,1
3585,1
5541,1
6281,1
8390,0
10259,1
883,1
6501,0
7972,1
10426,0
10314,0
5401,0
3987,1
7820,1
11967,1
3859,0
10693,0
3343,0
11982,1
8419,1
1881,1
4813,0
3887,1
3746,0
9417,1
8277,1
8464,1
6248,1
4694,0
5058,1
10156,0
6787,0
2053,1
6130,1
6351,0
6549,0
7588,0
5795,1
6279,0
8907,0
2747,1
9038,1
1033,0
2151,0
2598,1
8346,1
4555,1
1741,1
7994,0
6115,0
2917,0
1813,0
8566,0
12235,0
11510,0
11804,1
6661,1
8035,0
9993,1
9121,1
10892,1
10459,0
2188,0
10617,1
1121,1
9513,1
3690,1
8307,0
2474,1
2148,0
10357,0
6311,0
5181,0
9921,1
5557,0
2432,1
3564,0
7169,1
6828,1
10327,1
2645,0
4691,1
8619,0
2206,0
864,1
7273,0
11273,1
8342,0
6665,1
7696,1
8056,0
6552,0
10715,1
11241,1
6474,0
9625,0
5888,0
11988,1
11679,0
5180,1
6314,0
5898,1
1604,1
2116,0
6249,0
8043,1
10834,0
11922,0
978,0
4192,1
4565,0
5096,1
4975,0
2152,0
12471,1
5230,0
205,0
8793,1
5459,1
3547,1
7101,0
12426,1
2686,1
11137,0
3153,1
4761,0
6534,0
4380,0
7844,0
8506,1
1487,1
11841,1
227,1
6017,1
6649,0
12399,0
10143,1
7546,0
1739,0
6268,1
1723,0
10993,1
5013,0
6863,1
8802,1
11740,0
4839,0
12247,1
8073,1
4212,1
3352,1
2016,1
9581,0
8221,0
2923,1
6482,0
2246,1
6685,1
10526,1
5708,1
1406,0
6221,1
5840,0
8426,0
7043,1
9941,1
8364,1
1982,1
10650,0
998,1
6317,1
1265,0
3576,0
9507,0
10496,0
10305,1
1562,1
2352,0
5487,1
7073,1
2499,0
4044,1
10185,1
1641,0
1847,0
2813,1
2239,0
526,0
258,1
2666,1
5135,1
2788,1
12260,0
781,1
6792,1
3786,1
11357,0
1453,0
4392,0
2072,0
10413,0
11620,0
6177,1
4002,1
7370,0
1058,1
5870,0
5521,1
7373,0
323,0
10639,1
3755,1
11033,1
684,0
3308,1
7305,1
2002,1
5304,0
3311,1
914,1
8900,0
7611,0
10587,1
10039,1
3167,0
8046,0
9478,0
9220,1
12205,1
691,1
5300,1
2672,0
11792,0
9427,1
10004,0
7714,0
3094,1
7269,1
2827,1
6278,0
1984,0
1390,0
842,1
2052,0
10940,1
9863,1
3661,1
3150,1
8513,0
40,0
10664,0
5604,0
7189,1
10197,0
1004,1
4884,1
6968,0
826,1
7420,0
6370,0
3481,0
7796,0
7333,0
6272,0
10698,0
2573,0
6009,0
3907,1
2235,0
6511,1
5610,1
2624,0
2058,0
2944,0
10836,1
8771,1
7956,1
6652,1
8308,0
1288,1
6461,0
11101,1
7344,1
6048,0
10923,0
9148,1
6745,1
2127,0
3725,0
3360,1
8473,0
1732,1
10032,0
1710,0
8411,1
6595,0
2532,1
4276,0
9884,0
1250,1
8644,1
4607,1
2069,1
9491,1
11908,1
10618,0
11711,0
9257,1
1124,1
10669,0
6839,1
6468,0
11373,0
1476,1
10460,0
2826,1
4850,0
6510,1
10068,0
11544,0
4782,1
7772,1
7035,0
12357,1
4399,0
11120,0
8343,1
5849,1
3926,1
9154,0
10988,0
1694,1
5950,0
174,0
12419,0
9170,1
7406,0
9801,1
5286,0
4278,0
8264,0
4699,0
10287,0
11495,0
9472,1
10358,0
11927,0
11332,1
8457,1
9797,1
6923,1
5609,0
5879,1
3711,0
3920,0
4647,0
8237,1
757,1
12374,0
4906,0
8271,1
5612,0
4359,0
10135,1
5163,1
7590,1
2415,1
4349,1
12500,0
5635,1
888,0
7139,0
9144,1
3044,0
7324,0
8384,1
7349,1
5372,1
2375,0
10229,1
7926,0
11328,0
4859,0
567,1
494,0
11198,1
8285,1
5085,1
9466,0
7901,1
10640,1
453,1
880,1
6872,0
10055,0
6231,0
12107,0
11653,0
3860,1
4243,1
1138,1
1365,0
11454,1
2934,1
11734,1
4368,0
12394,0
727,1
10059,0
9900,1
4413,1
5,1
846,1
5018,0
11728,0
9601,0
1513,1
6201,1
3207,1
9679,1
7836,1
7539,1
697,1
1295,1
7179,1
9776,0
11018,0
9363,0
778,1
195,1
8148,1
2715,1
1446,1
313,1
3049,1
2337,1
6912,1
1625,1
1965,0
10484,1
4870,1
8482,0
7495,0
8581,1
9860,0
2750,0
5434,0
5920,0
9213,0
5515,1
11209,0
5458,1
8497,1
5626,1
5413,1
8141,0
4350,1
6170,1
6335,0
11803,0
29,1
6563,0
9467,1
466,1
5630,0
5295,1
6851,0
7391,1
535,0
66,0
5448,1
5608,1
6948,0
10697,1
3999,0
3069,1
8306,0
4800,1
3073,0
2641,1
12336,0
12314,1
10323,0
3297,0
8565,0
2721,1
11162,1
8824,0
12320,1
1216,1
9332,1
5982,0
632,0
456,0
10436,1
4058,1
6610,1
9095,1
10278,1
4763,1
312,0
1845,0
8549,0
3782,0
5887,0
11917,0
2381,1
10236,0
11543,1
9464,0
10012,0
1573,1
2729,0
4352,1
8165,1
655,0
7266,0
10083,0
6670,1
11633,0
11807,1
1232,0
10701,0
6555,1
2497,1
5836,1
1100,1
12049,0
10529,0
7812,1
11921,1
9609,1
7263,0
6991,0
10184,0
2026,0
12081,0
4865,1
3952,0
3457,1
2565,0
9137,0
3873,1
4262,0
9664,0
7529,1
8192,0
5095,1
3317,1
11698,0
12082,1
8267,1
561,1
8244,0
10713,1
10777,0
6443,1
5044,0
2527,1
4739,1
9027,0
3265,0
3729,1
12360,0
3588,1
7530,0
5051,1
12067,1
11724,0
2108,1
4891,0
2508,0
11173,1
2503,0
10118,0
10486,0
1639,1
8948,0
3130,0
10621,0
3417,1
2020,1
3947,1
9442,1
10431,0
4633,0
3255,0
3688,1
3391,0
4955,1
7876,0
1940,0
12378,1
268,0
12046,1
930,1
5673,0
4780,1
9787,0
1946,0
4524,0
4828,1
4977,0
563,0
5019,1
6357,1
8624,0
12478,0
4112,0
1327,0
9844,1
10263,1
10953,0
3924,1
9736,0
10299,0
6425,1
9174,0
10926,1
1382,1
2481,1
11402,0
2926,0
4119,0
8608,0
961,0
9714,0
12256,0
7617,0
7841,1
11282,1
10784,0
2104,1
4206,0
8647,0
11599,0
12088,1
1809,1
12282,1
8273,1
1815,0
2519,0
6005,0
3275,1
7864,0
8225,1
10480,0
5734,0
2134,1
8954,0
2290,1
11810,1
4740,0
8976,1
1281,0
4017,0
11524,0
4791,1
308,0
9543,0
4624,0
12225,1
10495,0
4616,0
5174,1
5545,0
11518,1
6331,1
2989,1
11175,1
5342,0
4307,0
7799,1
5860,1
11910,1
3540,1
1832,0
8865,1
5917,1
7592,1
10542,0
11509,1
4620,0
10580,1
1425,0
633,1
9845,1
1481,1
1516,1
1485,0
11179,0
11906,0
9208,0
1360,0
8869,1
8960,1
11857,0
11103,0
9062,1
2201,0
9771,0
4910,0
2962,0
5134,1
5189,1
9669,1
6419,1
550,0
5151,1
10608,1
7616,1
4041,1
10091,0
9482,1
4713,1
10842,0
613,0
8405,0
12084,0
11065,1
1546,0
11859,0
1828,0
1801,1
7405,0
10861,1
1213,0
9010,1
4959,0
1983,1
11122,0
4414,1
940,1
9263,1
2876,1
3677,1
9445,1
2546,1
292,0
11280,0
7832,0
3410,1
8509,0
3758,1
6334,0
9686,1
11441,1
7394,0
4982,1
6051,1
8536,0
8674,1
2310,0
6502,1
6489,0
7078,1
9915,0
9242,0
2547,1
10171,0
12430,1
366,0
7576,1
8243,0
6523,1
4600,0
5847,0
1291,0
314,1
5929,1
6194,0
6950,1
3771,0
2078,1
7602,0
1825,1
10322,1
11570,1
4105,0
3335,0
8623,1
11414,0
2083,1
9223,1
10198,0
9293,0
4852,1
7172,0
11301,0
10202,1
2591,0
9677,1
2218,0
1042,0
8979,0
10938,1
8787,0
10574,0
6380,1
1262,0
9584,1
3260,1
2262,0
4045,1
3736,0
3319,1
1162,1
4005,1
10881,0
4122,1
7144,0
5522,1
11793,1
6846,1
4789,0
11240,0
9652,1
9922,0
12442,1
193,1
5088,0
3469,1
9800,1
5333,0
12329,0
12255,0
3393,0
7553,1
2524,1
4926,1
12014,0
12261,1
409,0
8028,1
43,1
4200,1
3981,1
4816,1
1502,0
8123,1
11487,1
9397,1
607,1
11418,0
1136,1
11146,0
5422,1
6509,1
9508,1
6015,0
5473,0
11673,1
11580,1
9151,1
10638,0
2275,0
2135,1
6857,0
413,1
4100,1
7623,0
10981,0
8489,0
9098,0
696,1
5394,1
17,1
2561,1
6725,1
3937,0
4006,1
2418,0
12024,1
6189,1
7641,1
5539,1
3620,0
2646,0
4758,0
875,1
7289,0
6306,1
6739,0
4770,0
8963,1
9349,0
2505,1
4170,0
11997,1
12340,0
11253,1
3857,0
9413,1
3512,1
4375,1
5000,0
2192,1
8834,0
2489,1
12182,1
9958,0
1713,0
3327,0
9064,1
11230,1
5330,1
10548,1
11246,0
2403,1
54,0
5301,1
3148,1
8360,1
11561,0
8836,1
4787,1
10629,1
10962,0
2240,1
5161,0
10129,0
3400,1
9685,0
2063,0
3671,0
3345,0
3861,0
1493,1
10063,1
3526,1
2174,1
10736,1
12485,1
8029,1
9490,0
3972,1
4263,0
5823,0
95,1
518,1
4287,0
5649,1
8981,0
7776,0
7069,1
1335,1
9441,1
1648,0
9862,1
7521,1
12463,1
12470,1
8540,1
5525,0
8475,0
835,1
8866,1
2502,1
9775,1
8560,1
8668,1
8569,1
1248,1
2278,0
7003,0
142,0
11081,1
651,1
10166,0
12018,0
2319,1
10312,0
1108,0
12213,1
7437,0
9081,0
903,1
9948,0
5885,0
6460,0
11128,1
9241,1
141,1
9273,0
9734,1
3180,0
3565,0
1347,1
2991,0
360,0
9590,1
7119,0
7661,0
10890,1
11152,1
12370,1
11481,0
9802,1
5106,0
11941,1
4788,1
5624,0
1608,0
10182,0
8382,1
9725,0
10310,0
9205,0
2776,0
1595,1
5858,1
6413,0
7870,1
7214,1
11497,1
9819,0
10589,1
11465,1
11613,0
9870,1
7329,0
5542,0
8182,1
3466,0
8926,1
7202,0
10317,1
1468,1
289,1
6522,1
1764,1
6305,0
6414,0
8864,1
3047,1
354,0
4109,1
10328,0
9124,1
1707,1
2445,0
1980,0
5657,1
11671,1
8846,0
4768,1
5152,0
9719,1
7433,1
1157,0
1850,1
8209,0
9912,1
5217,0
11593,0
7810,1
10780,0
4769,0
2748,0
10623,0
8679,0
4361,0
3056,0
9894,1
1998,0
9700,1
3875,1
1434,1
6042,1
9066,1
9606,1
793,1
4917,0
2442,1
4669,0
2882,1
9112,0
10560,0
1237,1
2791,1
693,1
10747,0
1352,0
12493,1
11658,0
1902,1
1948,1
1876,1
9841,1
220,1
13,0
1000,0
3606,1
3298,1
7927,1
7412,0
868,1
4903,0
11318,0
6361,1
9684,1
10175,0
12098,1
10795,0
5299,1
4689,1
1784,0
11907,1
2831,0
7992,0
6781,0
5325,0
7442,1
528,1
2359,1
7936,0
10061,0
6422,1
7319,1
3669,1
2478,0
12104,1
4193,1
1921,0
6348,0
2412,1
11233,1
12381,1
7722,1
2700,1
9783,1
8392,1
6376,0
3332,0
10391,1
12160,0
4509,0
6217,1
4390,0
9901,0
9228,1
11243,0
9905,0
11336,0
7921,0
6165,1
1761,1
8707,1
2133,1
10104,1
858,0
7164,0
5556,1
5754,1
10573,1
7600,1
9898,0
12127,1
12137,0
6049,0
11384,1
10359,0
182,0
12393,0
139,1
2309,0
10130,0
1388,1
3228,0
4376,0
7935,0
10722,1
522,0
8615,1
10121,0
4088,0
1892,1
6966,0
12158,0
11316,0
512,0
3504,1
3361,1
4660,1
5897,0
3205,1
2698,1
10668,0
1093,1
10832,1
6797,1
12445,0
497,1
9839,0
4293,0
12299,1
4692,0
7367,1
7138,1
11695,1
6945,1
10371,1
12194,0
7499,1
7290,0
2684,1
2772,1
11700,0
2636,1
9118,0
1371,1
8992,1
9221,1
1393,1
1735,0
4025,1
1508,1
6682,0
8400,0
1069,0
260,0
7426,1
4653,0
7320,0
10680,1
7342,0
2696,0
6573,1
10159,0
5075,0
579,0
4162,0
3672,1
11080,1
4551,1
8552,1
4042,1
9957,0
2525,1
6550,0
7897,0
6252,1
6417,1
5939,0
3193,1
11393,0
4606,1
7488,1
4160,1
9166,0
1705,1
11775,1
7123,0
6481,1
3707,1
9532,0
1708,0
3967,1
4330,1
3093,0
6777,0
10584,1
2123,1
576,0
4529,0
8883,1
8712,1
7447,1
3667,0
7083,1
11831,1
12308,0
6187,1
5032,0
12125,0
9774,1
11493,0
7484,1
7647,0
8042,0
11521,1
4095,1
6674,1
5947,0
1057,1
9500,1
8469,0
4754,1
4546,1
2575,1
9198,0
493,0
1748,1
2895,1
5203,1
9343,1
2779,1
3399,0
2005,1
10469,1
10231,1
1074,1
3240,0
4664,1
3253,1
11445,0
3657,1
11234,0
2555,1
1890,1
1774,0
10441,0
7726,0
10003,1
4937,1
11665,1
7993,0
9523,0
1097,0
6855,1
6392,0
3203,1
2550,0
3133,0
7095,0
4091,1
9809,0
11297,1
1900,1
4668,1
1110,0
7821,0
1096,1
3163,0
7883,0
82,0
3503,1
10082,1
4744,1
6733,1
8826,0
1497,1
110,1
11889,1
3997,1
12131,1
4907,0
10112,1
11790,1
6696,1
1897,0
7872,1
4236,0
7558,1
1574,1
12275,1
5233,1
2633,1
11682,0
2400,1
1846,0
11607,0
8378,1
1679,0
3165,0
6270,0
9235,1
1407,0
12157,1
11837,1
12034,0
1440,1
7596,1
6457,1
5349,0
8417,1
4532,0
3580,1
9660,1
3362,1
9415,0
12373,0
6188,1
2055,1
9886,1
11305,1
3336,0
9460,1
11052,1
2237,1
7511,1
12271,1
4911,1
9354,1
5430,1
965,0
339,0
12189,1
10167,1
8465,1
4138,1
6492,0
3283,1
6706,0
420,1
1274,0
11972,1
11352,1
551,0
8084,1
1619,1
5126,1
11296,0
11759,0
4652,1
2630,0
11952,0
7748,1
4738,0
3897,0
9956,0
8687,0
11457,0
9250,0
1587,1
2902,1
10243,1
5350,1
2595,1
10857,0
7029,0
800,1
1098,0
721,1
8686,0
8604,1
12072,0
7933,1
7487,0
1299,0
12332,1
1491,0
11434,0
10419,1
5822,1
7637,1
12270,0
6471,0
7761,0
9055,1
733,0
5209,0
8488,1
6105,0
9219,1
2855,1
3508,0
4678,1
11374,0
5165,1
8397,0
4840,1
11415,1
10708,1
11880,0
1189,1
1717,1
2333,0
4530,1
9548,1
11165,1
4065,1
9699,1
10215,0
7168,1
2821,0
1458,0
10447,1
3843,1
8695,1
11021,1
2854,1
11744,1
3734,1
11992,1
3189,1
1264,0
7500,0
1794,1
127,1
8911,1
2863,0
3132,0
10630,0
1449,1
5443,1
8934,1
11227,0
5530,1
5788,1
217,1
10444,1
5235,1
9258,1
9654,1
6723,0
6352,0
8305,0
8202,0
11951,0
4512,1
6724,0
1128,1
11702,0
10779,0
10540,1
3950,1
7112,0
10142,0
10748,0
11947,0
7259,1
1889,0
6768,1
12159,1
10980,0
1442,1
2787,1
10027,1
12457,0
4993,1
8519,0
7785,1
9562,0
10163,1
4772,1
12382,1
6913,0
8740,1
8983,1
5762,0
4948,0
5002,1
11783,0
3811,1
4569,0
9674,1
2249,1
3627,0
6582,0
3922,0
12064,1
5472,0
2742,1
10331,0
3716,1
11410,1
384,1
2248,1
7510,1
7079,1
7498,1
2539,1
4792,1
2751,1
7882,1
6584,0
815,1
5510,1
4518,0
5476,0
6551,0
1027,1
2692,1
2279,1
11312,1
5866,0
7058,1
1474,0
3365,1
12406,0
7779,0
9068,0
4748,1
9150,0
1517,1
10949,1
12012,1
10490,0
11009,1
8420,0
9840,1
8310,1
3602,1
11126,1
8096,1
1297,1
125,1
5712,0
10894,0
564,0
5906,0
1494,0
6366,1
3628,0
3909,0
5420,1
5867,0
6160,1
9094,1
2562,1
9619,1
4912,1
5634,1
9348,1
6355,0
11338,0
7312,1
4430,1
1083,1
3456,0
4448,0
4115,1
11627,1
10775,0
9333,1
5764,0
11262,1
6976,1
3288,1
8266,0
12033,1
3827,1
6257,1
11419,1
7124,0
6911,1
1129,1
7909,1
7934,1
3581,1
5162,1
7321,1
8703,0
11042,1
2720,1
11136,0
12459,1
7801,1
129,0
10951,1
4986,1
4934,1
10346,0
10120,0
3989,1
4455,0
6488,0
8969,1
2726,0
928,1
3257,1
2144,0
1566,1
8588,1
2716,0
7608,1
5705,1
2843,1
6578,0
11213,0
7375,1
11001,1
3933,0
8598,0
10053,1
4135,1
6930,1
2691,1
1307,0
5603,1
4747,0
4231,1
417,1
9914,1
642,1
6731,0
2754,1
2626,1
5644,1
4486,1
10222,0
3535,1
4849,1
4038,0
10828,0
6588,1
5323,0
7060,1
7518,0
3539,1
7688,0
4610,0
9954,1
2034,1
924,1
5700,1
10917,0
5594,1
669,1
4012,0
10238,1
3202,0
2141,0
507,1
8769,0
5856,0
6530,1
9519,0
3128,1
2040,0
9419,1
1695,1
3728,1
3102,1
4477,0
12184,1
2556,1
3563,1
6537,0
11898,0
10157,0
2146,1
5877,0
10675,1
2205,0
6936,0
9720,0
9997,1
6929,1
5145,1
2468,1
3892,0
3954,0
8124,1
9043,0
7719,1
10921,1
6852,1
3050,1
2067,1
619,0
10774,0
1177,0
415,1
11078,0
6590,1
2889,1
6293,0
5015,1
10438,1
8607,0
4631,1
5538,1
7265,1
4967,0
1488,0
3559,0
5431,1
470,1
7211,0
10855,1
9758,1
11339,1
8579,1
6574,0
11488,1
10023,1
10394,0
8901,1
10298,1
6603,1
7382,1
3185,1
7754,0
6407,0
12155,1
5298,1
4357,1
11820,0
2665,0
132,0
10716,0
827,0
6292,1
3190,1
11944,1
4564,1
12027,0
818,0
9691,0
10020,0
1284,1
9618,1
3157,1
10211,1
4283,0
385,0
3582,1
10954,1
9037,1
601,0
5805,1
6763,1
6904,0
6853,1
1389,1
11471,0
11610,0
10649,0
179,1
5133,1
8587,1
3494,1
3068,0
1251,0
7126,1
4749,0
11106,0
5865,0
934,0
6988,1
11203,0
2458,1
3082,1
11742,0
5313,0
6834,1
404,0
11127,1
728,0
2801,1
10891,0
12434,0
11043,1
10452,1
4513,1
7579,1
3390,1
5981,0
6812,1
12296,0
10521,0
10246,0
4642,1
9141,1
2965,0
4177,1
7631,1
7865,1
2470,1
12288,0
2832,0
2541,0
9952,0
8161,1
10746,1
1422,0
5955,1
4247,1
10100,0
12136,0
950,1
12274,0
1934,0
2974,0
4676,1
7019,1
7425,0
2495,1
7562,1
7923,1
12110,0
2112,0
1285,0
4844,0
5721,1
704,0
4778,0
6496,0
2372,1
1827,0
2017,1
7831,0
9458,1
11369,0
3709,1
5703,1
5049,1
9503,0
9212,1
5268,1
9947,1
4271,0
4489,0
6062,0
4558,1
1924,1
5902,0
2558,0
11224,1
363,1
2350,1
3944,0
10247,1
9054,0
1378,1
6208,1
5889,0
156,1
382,0
5337,1
3879,0
11056,0
253,1
11826,0
11228,1
5027,0
11163,0
8357,1
3453,1
8555,0
3364,1
8766,0
11455,1
11366,1
7609,0
2663,1
12170,1
10503,1
6571,0
3091,0
5930,1
12322,0
1184,1
7905,1
3013,1
4979,1
8429,0
12402,0
3409,1
11523,0
3856,0
4671,1
10896,0
9214,1
7543,1
7291,0
11285,0
11327,0
3601,0
2947,1
1444,1
4717,1
2903,0
10766,1
8194,0
10378,0
11440,0
11076,1
7384,0
8020,0
2313,1
9204,0
1730,1
556,1
3835,1
11874,1
5062,1
4999,1
6157,1
9709,0
5855,1
8190,1
6274,0
1893,0
7129,0
8761,0
2955,0
4209,1
4388,1
5798,1
8786,0
9367,0
3197,0
1913,0
3730,1
1855,1
7450,1
1304,1
6577,1
11787,1
7656,0
10539,0
6624,1
7914,1
3458,0
4306,0
10340,0
7017,1
1544,0
8810,1
9979,0
7784,0
3294,1
1059,1
3421,1
11486,0
6819,1
9930,1
7287,0
10738,0
3277,1
7740,0
4798,1
4803,0
7448,1
6536,1
398,0
4325,0
3266,0
3490,1
6181,1
8794,1
5355,1
5036,1
3525,0
3107,1
3656,0
2971,0
9283,0
3900,0
2796,1
901,1
933,1
4383,1
7813,1
2373,1
7985,0
1959,1
6505,0
12344,1
12415,0
12139,1
8812,0
4682,0
8532,1
4685,1
6816,1
7626,0
787,0
1816,1
7436,1
919,0
4395,1
7540,0
485,1
1386,1
6487,0
6149,0
5817,0
644,1
9035,0
1490,0
11513,1
8832,0
10153,0
4553,0
5137,0
2901,0
3485,1
4709,1
5093,1
7182,0
9663,1
9512,0
3612,0
2520,1
2345,0
1740,0
3031,1
6790,1
5544,0
9631,1
4944,0
5198,0
7912,1
725,1
2538,0
10546,1
9782,1
3473,1
5136,0
5231,1
9834,0
5532,1
8961,1
9569,1
2488,0
4071,0
5825,0
6783,0
1972,1
1405,1
1081,1
2043,0
9701,0
5212,0
4127,0
5980,0
7964,1
8875,0
11072,0
6467,1
4385,1
1,1
1514,1
2292,0
8525,0
741,0
8842,1
8198,0
7707,0
12056,0
8005,0
9061,1
7190,1
72,1
5241,1
392,0
1682,1
7374,1
250,1
1781,1
1661,1
3809,1
2084,1
3438,0
8012,1
5884,1
12312,1
1792,0
2981,1
1109,0
6557,0
9595,1
2165,1
3844,1
10807,0
2015,1
2071,0
4442,0
10361,0
9178,0
2318,1
10352,0
10029,1
5173,1
2340,1
1882,1
9244,1
6367,0
4410,1
9420,1
4609,0
4007,1
11934,1
5033,1
5428,1
1591,1
6910,0
7940,1
4632,0
12095,0
7228,1
8508,1
10145,0
1278,0
4029,0
5586,1
2394,0
1960,1
9849,1
3940,1
6503,1
4060,0
1146,1
6567,1
11849,0
11828,1
4626,1
7875,0
4677,1
9146,0
2612,1
6554,1
1677,0
12149,1
9143,1
5520,1
219,1
6345,0
7201,1
7653,0
11107,0
2039,1
973,0
4731,1
6889,1
5179,0
10615,0
4568,0
8294,1
5771,1
1786,0
12341,1
4316,1
4996,1
11094,0
7505,0
5116,0
10065,1
8649,0
3634,1
5880,0
9557,0
3904,1
9951,0
987,0
8760,0
9872,0
9906,0
462,0
7163,1
8140,1
871,0
4733,1
6129,0
3939,1
12484,0
839,1
80,1
2343,0
8898,1
10433,1
4241,0
62,1
8749,1
7309,0
8584,1
4987,0
9864,1
8997,0
5757,0
11349,1
7643,0
2619,1
5098,1
4988,1
2238,1
7072,1
2858,0
9645,1
1201,0
2210,1
5347,1
2358,1
840,0
5481,1
971,0
7822,0
402,0
4735,1
6686,1
10114,1
9571,0
34,0
9075,1
6379,1
8932,0
47,0
9678,1
8092,1
2594,0
6666,1
1455,0
1353,1
4176,0
1906,0
2156,1
531,1
1087,1
1931,1
7902,1
3200,1
2786,1
11167,1
8683,0
7162,0
4438,1
852,0
12083,0
7184,0
74,1
4015,0
436,0
85,1
10137,1
3869,0
877,0
11469,1
8534,1
6981,0
7918,0
2460,0
1469,1
8522,1
8634,1
7155,1
12280,0
4240,0
11879,1
3681,1
7525,1
7862,0
10883,1
1402,1
11946,1
2908,0
6412,1
8765,0
3191,0
3436,1
12284,1
4213,0
5573,1
996,1
8063,0
6233,0
11423,1
6676,1
9823,1
7517,1
9955,1
3315,1
6287,1
6596,1
3326,0
9029,0
5585,1
6605,0
2592,0
7047,1
3385,1
3337,0
3331,1
5674,1
11812,1
8510,0
12439,1
6030,0
2848,0
2881,1
7008,1
12174,1
12461,1
5243,0
11095,0
8485,1
10908,1
2523,1
7362,1
2724,1
8550,0
4724,0
6760,0
10485,1
2922,0
7074,1
3595,1
6475,1
5389,1
11536,1
8474,1
1358,1
8654,0
3770,1
3678,1
10928,0
915,1
8556,0
8839,0
8216,0
7475,1
4183,0
7522,0
7861,1
8072,1
9002,0
8323,0
2147,0
10465,1
8848,0
7453,1
11763,1
6902,1
12342,1
2229,1
3689,1
6940,1
1018,1
527,0
1026,1
7814,1
9633,1
9046,1
3067,1
1354,0
4153,1
11054,1
10417,0
4890,0
2589,1
10850,1
1238,1
5761,1
3448,0
1706,1
3684,0
12037,1
4933,0
2296,1
7797,1
738,1
11463,0
5322,1
3704,1
11949,0
11098,0
7350,1
4922,0
1711,1
10934,0
6021,0
6803,1
2602,1
1498,1
442,0
503,1
514,1
9867,1
1277,0
7023,0
2915,0
743,1
8377,0
5108,0
8496,0
5558,0
7755,0
4602,1
8715,1
5668,0
2103,1
7689,0
10646,1
10060,0
341,0
11461,1
8708,1
10927,0
6216,0
3356,1
3059,1
5094,0
11270,1
5985,1
7122,0
10115,0
5719,1
10116,1
2485,1
10425,1
3423,0
12376,0
9554,1
6363,1
9817,1
1808,0
9509,1
207,0
10598,1
5768,0
1976,1
3586,1
11801,1
3412,1
7474,0
6659,1
10194,0
1819,1
10734,0
8518,1
4137,1
5794,1
1413,1
2291,0
3849,1
8122,1
9312,1
10261,1
8412,1
1954,1
3333,0
9032,0
10007,0
6615,1
1607,0
4270,0
10193,0
12361,0
7428,0
232,1
952,0
90,0
779,1
9760,0
6262,0
9389,1
2814,0
4939,1
1520,1
5159,1
7650,0
10037,1
12481,1
1220,0
6946,0
2395,1
8102,1
2582,1
5727,1
2062,1
10659,1
10963,0
7986,1
3276,1
7634,1
2762,0
7987,1
761,1
5259,0
12263,1
2001,0
10435,0
11662,1
1610,1
5834,1
11750,0
12030,0
2452,1
9433,1
10075,0
12355,0
304,0
8563,0
6867,0
9222,1
6893,1
1433,1
4795,0
2828,0
11083,0
11771,0
7253,1
681,1
2811,1
6106,1
3515,0
3123,0
4860,1
4882,0
1011,0
2963,0
3418,1
7177,0
4343,0
6263,0
3444,0
2391,1
4424,1
120,1
1436,0
3643,1
5280,1
753,1
11141,1
9284,1
4273,1
11219,0
7255,1
3799,1
4843,1
2768,1
3199,0
3821,0
6629,0
4503,1
3819,0
5676,0
199,1
7399,0
5517,1
7805,0
3474,1
11715,1
2119,1
11177,0
3340,1
6356,1
1929,0
6493,1
6066,0
1653,1
138,1
8356,0
4085,1
111,1
8711,0
9082,0
9251,0
6909,0
10809,0
5089,1
11686,0
1611,0
11583,0
5796,1
9452,0
6353,0
3918,1
197,0
4706,0
6638,0
7947,1
10046,0
8369,1
9938,1
1437,1
1659,1
5345,1
11913,0
1901,1
10513,0
3472,0
11565,0
4252,1
9171,1
7213,1
6013,0
10008,0
12108,0
84,0
4001,0
7063,0
7400,0
5802,0
966,1
10566,1
12305,1
9274,0
3369,1
7731,1
11520,1
3696,1
1645,0
5916,1
11475,0
3403,1
7103,0
12061,1
7809,0
12058,1
11404,0
357,0
9739,0
2330,0
1478,0
3705,0
4805,0
11542,1
1022,0
11239,1
1915,1
8432,0
443,1
2580,0
6485,1
9897,0
11462,0
10689,1
5083,0
1145,1
7387,0
6829,1
63,0
1687,1
3896,1
3137,1
9057,0
12496,1
666,1
11774,1
2013,1
1218,1
654,1
8641,1
7196,1
4076,0
807,1
7830,1
167,0
8955,1
9203,1
8004,0
7727,1
2647,0
4830,0
8710,0
10831,1
829,0
2473,0
10535,0
4254,0
3446,1
2860,0
5501,1
10041,1
11378,0
7479,1
7800,0
11315,0
4365,0
2397,0
6621,0
6743,1
5187,1
147,0
9920,1
546,0
2540,0
9248,0
591,1
9688,0
12281,0
11596,0
4635,1
8756,0
3236,0
10440,1
10069,1
7621,1
10306,1
1342,0
6246,1
5291,0
1840,1
6749,1
3057,1
5864,0
7318,1
8083,0
7159,0
3152,0
10742,1
2990,0
6240,1
8942,0
9359,0
8,0
5652,0
2959,0
9011,0
4866,1
974,1
2441,0
2585,1
9895,0
1899,0
11995,0
5745,1
3267,0
4164,1
886,1
5104,1
11973,1
12435,1
1049,1
6103,0
1477,0
7502,0
8970,1
11442,1
2987,1
4683,0
10790,1
9987,1
4639,1
3702,0
2405,0
379,1
6515,0
6211,0
8500,1
9470,1
7049,0
5591,1
10990,1
7052,1
492,1
1686,0
4168,1
10677,0
9003,1
3016,1
660,1
1032,0
4862,0
12057,1
5228,1
2161,1
9777,1
46,1
7711,1
6711,0
922,0
12234,1
2217,1
7210,0
11527,1
9322,1
6642,0
5007,0
8854,0
1898,0
9072,1
3252,1
11548,1
7005,0
1037,1
995,1
11677,1
11084,0
10256,1
7716,1
11432,1
6667,1
5045,1
11799,1
6606,1
6707,0
6877,0
3648,1
9461,1
3026,0
5514,0
349,1
5105,0
3346,0
9352,0
5423,0
7690,0
3988,1
12343,0
11171,0
6074,1
764,0
4258,1
2551,0
216,0
2885,1
5723,0
500,0
5442,0
3957,0
3046,1
4708,1
11930,0
11159,1
8195,1
1023,0
4854,1
4820,1
11958,1
5256,1
11411,1
7649,0
8149,0
4896,1
6144,0
3638,0
8611,1
6118,0
7531,0
10402,1
11920,1
784,0
9288,0
7728,1
316,0
7570,0
3380,1
1140,0
285,0
4199,0
9206,1
1424,0
2286,1
9614,1
972,0
900,1
9025,1
11535,1
6289,1
1008,0
3614,0
9846,1
9215,0
7695,1
12143,1
4953,1
5318,1
2868,0
2529,0
7567,1
8974,0
2835,1
4147,0
6566,1
9192,0
6069,1
1791,0
1247,0
7932,1
2935,0
3303,1
2158,1
4856,1
1209,1
4867,1
6862,0
2379,0
1086,1
8116,1
6266,0
6338,1
6113,1
7272,1
9187,1
809,1
11185,0
8251,1
9741,0
11785,0
9873,1
4123,1
2045,0
6607,0
894,0
9076,0
2829,1
9009,1
11564,0
9186,0
6350,1
2607,0
11503,1
10058,1
9916,1
10283,1
3212,1
3764,1
11308,1
7524,1
8664,1
11641,0
1643,1
7248,1
5841,1
2074,0
6465,1
1101,1
3124,1
1637,1
6521,0
6,1
3248,1
7928,1
9999,1
9287,1
6080,1
3990,0
12390,0
11176,1
11975,0
2042,0
3591,0
6535,0
6960,0
5618,1
3063,0
11914,1
10965,0
4905,1
2120,1
11864,1
11090,1
6081,1
10706,0
3092,0
3389,1
10374,0
5778,1
9020,0
11037,1
4776,0
10078,1
4701,1
4175,1
7680,0
447,0
5060,0
9973,1
12331,0
10474,1
7022,0
2795,1
93,0
5140,0
3499,0
8399,1
12345,1
8910,1
5686,0
3268,1
8196,1
1851,1
5040,0
1230,0
4594,1
7854,1
10578,1
8849,1
9259,1
7973,1
9047,0
11757,1
2406,0
12180,1
7971,0
10151,0
10692,0
11353,1
12138,0
1102,1
765,1
1642,0
7039,1
2106,0
7750,1
12176,0
11063,1
1585,1
2031,0
4207,0
6179,1
2816,0
558,0
8940,0
682,0
6415,1
10702,0
3030,1
2897,0
10903,1
9635,0
352,1
5793,1
3149,1
7863,0
12091,0
10428,1
5379,0
5579,1
7457,1
6301,1
676,0
114,1
6153,0
758,0
4661,0
6180,0
8041,0
8375,1
3071,1
1745,0
6071,0
5940,0
4659,0
3693,0
458,0
6955,0
8288,1
8736,1
12289,0
11029,0
4020,1
8445,1
6364,0
4000,1
2496,0
11348,0
9230,0
5087,1
7638,0
8620,1
6879,1
5711,1
5202,0
912,1
1345,1
6256,0
1937,1
7416,1
9630,1
9305,0
9980,0
11964,1
7494,1
9558,0
5566,0
8491,1
11765,1
5008,1
12048,0
7846,1
7781,1
7034,1
12202,0
2658,0
7068,1
6545,1
4447,1
4480,1
8936,0
6393,1
7549,1
11869,0
188,0
177,1
3806,1
322,1
592,0
478,0
638,0
6318,0
12480,0
6183,1
2932,1
12197,1
5091,1
9377,1
11385,1
10911,0
794,1
353,1
338,1
8941,0
687,0
1575,1
7478,0
2800,1
4650,1
1692,0
5125,0
677,0
11417,0
705,1
891,1
10996,1
9347,1
9045,0
6431,0
9084,1
8602,1
7456,0
3590,0
3304,0
8460,0
7111,1
4651,1
12428,0
9945,0
2027,0
1325,1
6176,0
673,0
7709,0
7076,0
1075,1
4182,0
2287,0
6700,1
2994,0
3307,0
45,1
6283,0
1044,0
4405,1
11860,1
6124,0
9528,0
7753,1
7787,0
9090,0
8261,0
867,1
8031,1
2486,0
2327,1
3899,1
12327,1
1751,1
1681,0
6965,1
1563,0
8144,1
3363,1
701,1
4409,1
7467,1
7183,1
2420,1
435,1
6782,0
2368,1
4116,1
2765,1
11840,1
2096,1
5946,0
6954,1
5954,0
10571,1
9109,0
11848,1
11886,1
12446,1
6644,0
9366,1
4291,1
464,1
6894,0
2702,0
3890,0
3883,0
3780,1
4080,1
5384,1
2252,1
508,1
1664,0
6560,0
3270,0
6102,0
10710,1
2321,0
1583,0
9576,1
4976,1
5260,0
7136,1
4179,0
2077,1
12309,1
848,1
11188,1
4665,0
7251,1
5607,0
10176,1
7823,0
7256,1
3441,0
11062,1
8313,1
774,0
5225,1
1214,1
365,1
7307,1
2404,1
8729,1
6742,1
12467,1
6428,1
4809,0
7585,0
7780,1
2075,0
4098,0
9808,0
10783,1
10683,1
6962,1
2388,0
9407,1
12384,0
5775,0
5497,0
9704,0
12025,1
8217,0
6316,0
2117,1
266,0
11512,1
244,1
9406,0
5341,1
2674,0
10811,1
2904,1
4552,1
505,0
9742,1
7200,1
11842,0
1054,1
6436,1
8370,0
9675,1
9416,1
10704,0
11073,1
11844,1
459,0
4968,1
6215,0
11656,1
5845,1
825,0
11325,0
1793,1
3891,0
957,0
1856,0
1504,0
6010,1
6386,0
11800,0
11320,0
1039,0
3000,0
2950,1
4722,0
1348,0
1658,1
7414,1
7515,0
4793,0
4985,1
1161,1
1565,1
2342,1
9296,1
8258,0
8091,1
9534,1
7941,1
2574,0
5724,1
4027,1
5034,0
10382,0
11749,1
1721,1
11709,1
3726,1
134,1
8354,0
2131,0
5504,0
4018,0
8879,0
2226,1
4040,1
980,1
6958,1
3910,0
3120,1
10355,0
3404,0
4947,0
7633,0
6385,1
9680,1
2948,0
6840,1
611,0
6155,1
1176,0
5851,0
65,1
8167,0
4432,1
11612,1
663,0
502,0
2140,1
6681,1
4146,1
3247,1
1050,0
7151,0
4279,0
664,0
8704,0
8452,0
12253,0
8338,1
3884,1
11244,1
5999,0
9531,1
11915,1
8773,0
6927,0
5409,1
8859,1
53,0
4559,1
4264,1
8085,1
5496,1
8333,0
4311,0
2301,1
11003,0
6373,0
1117,1
12236,0
295,1
11281,1
12062,1
9807,1
7087,0
7746,0
7584,0
3381,1
2121,0
12306,0
9469,0
5239,1
11207,1
5038,0
1660,1
7565,0
5956,1
10190,1
2920,0
11344,1
5534,1
7016,1
4592,0
8616,0
2775,1
1021,1
4492,1
4883,0
6040,0
3930,1
11044,1
857,1
5803,0
881,0
10437,0
4576,1
6483,1
387,1
1229,0
12433,0
1150,0
9891,1
1479,0
12429,1
7001,0
8709,0
2332,0
6004,1
1518,0
5576,0
2281,1
10600,1
593,1
8653,1
7294,1
3979,1
7061,0
9101,1
143,1
11354,0
3475,1
7403,1
9336,1
6532,1
1853,1
6119,1
7335,1
2794,0
9666,1
4894,0
11865,0
1431,1
11222,1
8971,0
437,1
3048,1
4704,0
10313,1
9784,0
10227,0
10691,1
1802,0
3405,0
6368,1
6822,1
8009,0
11650,0
7997,0
6835,0
2506,1
2660,1
8427,1
10294,0
2189,1
2838,1
8002,1
4211,0
2983,0
3406,0
8684,0
8130,1
8601,1
1810,1
10216,0
2085,1
1408,1
5743,1
10250,1
5197,0
8450,1
3893,0
10644,1
7752,1
4097,0
6210,0
11640,1
5756,1
2861,1
7191,0
4605,1
5223,1
1981,0
122,0
3682,0
7938,1
5627,0
7575,0
11784,0
434,1
3739,1
6089,1
5746,0
7444,1
9381,0
8603,1
11619,0
2888,1
4702,1
630,1
8737,0
5678,0
422,0
8583,1
7534,1
2599,1
10372,0
9477,1
9962,0
1212,1
6600,1
5620,1
1359,0
78,0
1649,1
3344,1
3183,0
4960,0
9059,1
2257,0
12425,1
1159,1
8027,0
4139,0
2167,0
5450,1
5185,0
5143,1
9457,0
3397,0
1776,1
9992,1
4324,0
11431,0
7808,0
9125,1
4378,1
8652,0
7583,0
8872,0
11630,1
4841,0
9156,0
5255,0
6925,0
5371,1
10858,1
6397,0
4570,0
5797,1
7102,1
2759,1
617,1
4720,1
7181,1
7959,1
3756,1
11894,1
4067,0
4452,1
3348,1
3126,0
7580,1
3518,0
9281,1
4869,0
2323,0
3813,0
12199,0
7853,1
12140,1
7166,1
5014,1
4201,0
10406,0
12356,1
10841,0
5560,1
7829,1
12150,0
5335,0
10354,0
7194,1
11945,0
5896,0
4259,1
3762,0
5415,0
4166,1
2098,1
7097,1
6464,1
3095,1
10191,0
2802,1
11311,1
2511,1
6710,1
9152,1
11424,0
4051,1
18,1
4033,0
2797,0
754,0
10225,1
373,1
4732,1
1614,0
9330,0
2270,1
10400,1
9120,0
2806,0
8080,1
2025,1
2101,1
10687,0
4742,1
5777,1
9051,1
3600,0
11727,0
10044,0
8238,1
2264,1
9364,1
8748,0
1175,1
8650,0
7982,0
2732,1
8718,0
3949,1
5590,1
7077,1
10700,0
5196,1
10690,0
4892,0
8486,1
7048,1
146,1
10454,0
10315,1
8185,0
8459,0
4340,0
161,1
4094,1
3765,0
10822,1
8852,0
989,0
9083,1
10356,0
1958,0
8917,0
12487,1
3851,1
10099,1
6342,1
1326,0
7869,1
8283,1
8823,1
6315,1
4887,0
9616,1
8467,1
10730,1
11040,0
1783,0
956,0
6662,1
11299,0
3929,1
5353,0
9421,1
10483,0
412,1
9133,1
1672,1
9391,0
614,0
8374,0
12300,0
331,0
10005,0
97,1
10325,1
10230,1
8767,1
10968,1
2677,0
2601,1
9848,0
5919,0
6320,1
817,1
11218,0
3772,0
1411,1
536,0
11884,0
11805,0
7858,0
5227,1
6589,1
11382,1
2661,0
1398,0
328,1
1896,0
2717,0
488,0
4901,0
7220,0
239,0
7550,1
5958,1
9301,0
3112,1
11272,1
1256,0
6223,1
10140,0
2184,1
375,1
1758,1
4158,1
154,0
585,1
8966,1
3488,1
3566,0
3201,0
2976,0
10403,1
8776,1
5398,0
1169,0
12016,1
9607,1
5645,1
1068,1
11356,1
11420,1
10810,1
2522,1
1907,0
740,1
5229,1
620,0
11809,1
6583,1
6729,1
11071,1
4590,0
2038,0
4366,0
4446,0
10804,0
7140,1
2064,0
1313,1
3691,0
2544,1
7930,1
4490,1
6747,0
7835,1
230,0
2476,1
1055,0
12310,0
9564,0
6426,1
9449,1
4950,0
11032,1
8220,0
11097,0
9344,1
10808,1
3960,1
918,0
6175,1
6372,0
9034,1
1384,1
8915,1
8920,0
6776,1
6920,1
4548,1
5979,1
3428,1
5988,1
246,0
3787,1
679,0
11911,0
8218,0
9559,0
11226,1
9769,1
8921,0
2138,0
3934,0
10366,1
10169,1
3411,0
2153,0
10527,1
4070,1
1949,1
7080,1
1987,0
8311,0
7848,1
3864,0
1766,0
9431,1
4630,1
6237,1
1947,1
3415,0
10884,0
3261,1
11069,1
10383,0
9793,1
8269,1
1191,1
4584,0
3838,1
2004,0
7667,1
2322,1
7995,0
1737,1
2593,1
932,0
5418,0
12004,0
12366,1
9355,1
11391,1
3328,1
10576,0
5477,1
5844,0
3695,0
2723,1
6070,1
9943,1
10933,0
9969,1
11909,1
8180,1
9795,0
1909,1
960,1
9071,1
5596,0
3597,0
9935,1
5572,0
2644,1
7208,0
8562,0
5800,0
10620,0
5944,1
8448,1
6794,1
10038,1
1806,0
7325,0
1443,1
11347,1
6738,1
8884,0
9715,1
790,1
1647,0
2733,0
8828,0
11631,0
12121,1
1567,0
736,0
12111,1
7298,0
10351,1
10606,1
9392,0
1952,1
7464,1
8677,1
498,1
6712,1
2815,0
1754,1
9656,1
5957,0
4268,0
10286,0
6382,0
616,1
2157,1
8847,1
7849,0
8502,0
789,0
5546,1
6437,1
9636,0
4083,1
5478,1
4049,1
5837,0
1883,1
9078,1
1964,0
7147,0
10533,0
11688,0
8689,0
9506,0
7121,1
3721,0
9360,1
11603,1
2461,1
8957,1
2973,0
6769,0
10458,1
12211,1
6204,0
3172,0
9946,0
7223,0
722,0
10415,0
4214,0
10651,0
2890,1
11400,1
9632,0
6000,1
3847,0
10412,0
6514,1
7945,1
5120,1
5199,0
11929,0
6939,0
8742,0
742,1
5359,0
1462,0
9345,1
5589,0
152,1
12278,1
4090,0
10905,1
5271,1
484,0
4435,0
8160,1
6052,0
8207,0
2873,0
3480,0
6949,1
573,1
5440,1
9549,1
3089,0
4567,0
8259,0
2385,0
3309,1
2236,1
162,0
969,0
5039,1
4053,0
1885,0
6486,1
4611,1
11494,0
9597,0
126,0
9668,0
10158,1
10611,0
10866,1
6728,1
8156,0
5074,0
12404,1
7737,1
1994,1
7358,0
5326,1
2320,1
4303,0
7424,0
11950,0
6614,1
9871,1
10449,1
9368,1
5894,1
520,0
11258,1
3572,0
8366,0
10443,0
3208,1
3223,1
3905,1
6500,0
6344,0
4873,1
299,0
2764,1
3287,0
7828,1
1343,1
11901,1
8471,1
10909,0
4475,0
2930,0
5769,0
1720,0
3386,0
9462,1
12440,0
12258,1
9317,0
8494,1
8720,0
3305,0
7018,1
5216,0
7258,1
10477,0
10750,0
1261,1
5402,1
11553,1
7137,0
12352,1
12338,1
1115,1
2329,0
11779,0
5068,1
1471,1
10006,1
3103,1
3871,0
8278,1
6288,1
123,0
6020,1
10947,0
4197,0
9950,1
11448,1
3974,1
7700,0
2625,0
9929,0
9044,1
6011,0
11637,0
5901,1
6524,1
4416,0
2980,1
7363,0
8295,0
11376,0
6193,1
1701,0
7670,0
5852,1
1887,1
10418,0
10772,0
7961,1
824,0
9568,1
49,1
10744,1
8521,0
7302,0
10843,1
4495,0
4945,0
6810,1
3366,1
2964,1
11729,1
5580,1
2581,1
7557,0
5377,1
10752,0
7212,1
11115,1
6531,0
3176,1
10021,0
10802,0
10161,0
12152,0
6121,1
4396,0
6258,0
8881,1
11872,1
7014,0
1126,0
4858,1
4888,0
4842,1
2102,0
2166,1
4759,1
1217,1
11986,1
7589,0
10845,1
4149,0
180,0
5927,1
8890,0
2536,1
8504,0
3984,1
7577,1
3209,1
6875,0
8001,0
12195,0
9246,1
6280,1
11030,0
11484,1
8885,0
1817,1
11453,0
8163,1
10147,1
6477,1
9073,1
6996,0
10416,0
6865,0
3807,1
7950,0
5421,1
3706,1
12272,0
8407,0
9260,1
4466,0
2443,0
7512,1
5792,1
27,1
2985,0
109,0
1223,1
6309,1
931,1
5567,1
1752,1
6456,1
3286,1
4195,0
4743,1
6250,1
8199,1
554,0
2997,1
11517,1
7109,0
7222,0
7708,1
4808,1
10992,0
7282,0
474,0
1168,0
10466,1
10764,0
6329,0
11223,0
1569,1
4561,0
521,0
10468,0
8988,1
7040,0
5037,0
8290,1
8391,0
6791,0
3818,0
5528,0
5407,1
5070,1
4108,0
10835,0
10613,0
229,0
5261,0
3629,1
8891,0
8155,0
5969,1
4718,0
7301,0
626,1
10035,1
3654,1
9106,1
1459,0
797,1
2785,0
8627,1
6276,0
4281,1
595,0
8692,0
6964,1
4636,0
4009,0
6063,0
2459,1
8466,1
648,0
878,1
10844,1
4470,1
8507,0
9097,0
4675,0
5801,0
11895,1
2059,0
4148,0
636,1
1505,0
2760,0
4756,0
4961,0
3264,1
3009,1
11623,1
1421,1
11979,1
10829,1
11169,1
5035,1
9269,1
12388,0
5675,1
1787,0
4481,0
9370,1
7889,1
6608,1
11118,0
231,1
5376,0
2738,1
6602,1
7601,1
1702,1
3804,1
1373,1
6022,1
5564,0
11201,1
9096,0
7645,1
5284,0
627,0
10976,0
8171,0
6517,0
5875,0
6789,0
2110,1
5751,1
7221,0
12482,0
8580,0
2267,1
5043,1
11876,0
2912,1
6206,1
10667,1
2933,0
6830,0
10983,1
801,0
5513,1
10491,0
7244,1
8060,0
6680,0
9019,0
155,1
2652,0
4468,1
5543,0
11206,0
3925,0
9372,1
5592,1
3387,0
3024,1
11971,0
11760,0
7410,0
10214,0
7833,1
7242,0
7744,0
9113,0
7545,1
7341,1
11605,0
1601,0
10119,0
4156,1
7311,0
3,0
9909,1
1635,0
10133,0
2234,0
5438,1
2570,0
35,0
9573,0
565,1
12267,0
3395,1
332,0
6977,0
12026,1
11540,0
5953,0
1534,1
2864,1
12021,1
11788,1
1822,0
3291,1
8593,0
9088,0
6938,1
106,1
8456,0
1733,1
10778,0
7770,1
1470,1
9015,1
9626,1
7237,1
11900,1
8126,1
5824,1
8840,1
5540,0
8886,0
4431,0
5435,1
5986,0
1725,1
610,1
5164,1
2683,0
3500,1
3650,1
4806,0
2710,0
8335,1
6841,0
12162,0
9594,1
12206,1
5281,0
8050,0
448,1
8914,0
8989,0
6565,0
588,0
5710,0
9885,1
9563,0
2471,1
4312,1
4417,1
9116,1
9058,1
11170,0
10036,1
6900,0
9497,1
8888,1
9405,0
4962,0
9437,1
8449,1
5010,0
8187,1
9717,0
3589,0
8255,0
8036,1
685,1
9547,0
5354,1
1675,1
5220,1
3769,0
8068,0
9738,1
3151,0
7683,0
11608,0
3086,1
1932,1
10712,1
4863,0
69,1
468,0
5670,1
6163,1
4117,0
6735,0
8462,0
2423,0
428,1
256,0
9530,0
12303,1
4966,1
8968,1
12179,1
9881,0
11707,0
5900,0
5053,1
7149,1
8478,0
11968,0
11291,1
7378,1
2199,0
11392,1
10781,0
8393,0
6046,0
6429,1
12154,0
6562,1
1148,0
4008,1
9761,0
11140,1
8476,1
7401,0
10152,0
3866,1
11567,1
6969,0
2060,0
11624,0
1871,0
6284,1
7471,1
11856,0
566,1
6637,1
11123,1
2609,1
1243,0
1634,0
7435,0
963,1
4989,1
5638,0
11882,0
1385,0
6332,1
10655,0
4087,0
9153,0
1060,1
3140,0
5273,0
6538,1
3119,1
9086,0
1200,1
4700,1
1114,1
3894,1
9411,0
3579,1
9456,1
5296,0
6908,0
8353,0
2065,1
1418,0
3463,0
9357,1
7071,1
4338,1
6516,1
6047,1
11791,1
9751,1
8076,1
5395,1
562,0
808,1
3931,1
11088,0
8147,0
2767,1
8054,1
9430,1
4619,1
8516,0
844,1
6722,1
2115,0
6716,0
6654,1
11464,1
1524,0
8843,1
11654,1
5931,1
5363,1
6497,1
2414,1
7303,1
3783,1
955,1
6617,1
6845,1
2949,0
10952,1
6427,0
9217,1
8212,0
6444,0
6126,0
6184,0
4092,0
979,1
7275,1
8087,1
1260,0
9294,0
6286,0
10552,0
10847,1
11157,1
11926,1
11852,1
11761,1
8557,0
11752,1
9589,1
2834,1
169,1
5628,0
6826,0
866,0
192,1
8328,1
11835,1
1785,1
11689,0
8858,0
7851,0
2215,1
5963,0
786,1
9953,1
6404,1
602,0
1820,0
2744,1
10758,1
621,0
8660,1
8585,1
813,0
4596,1
11680,1
9114,1
9455,0
7514,0
6226,1
709,0
4916,0
6802,1
4810,1
5293,0
12254,1
487,0
7552,1
2021,0
9612,1
4186,1
1187,0
11824,0
5238,0
759,0
234,0
7381,0
12116,1
3568,1
8982,1
3820,1
4039,0
7852,1
7607,0
3431,1
11489,0
11422,1
10434,1
11638,0
5169,0
9798,1
1590,1
1852,0
12233,0
9176,1
8643,0
7840,0
3434,1
7790,0
3544,1
4549,0
5760,0
8228,1
9197,0
4459,0
8008,1
4479,1
8779,1
7859,0
8418,1
5361,1
8071,0
3832,1
6137,0
7954,0
10476,0
6818,0
713,1
12473,1
7419,0
438,1
7285,1
3826,0
9826,1
8367,0
11476,0
11070,0
2011,1
776,1
10931,0
4217,1
1380,1
5684,1
5972,1
9447,0
2552,1
8410,1
1403,1
9536,0
1355,1
6832,0
4423,1
3221,1
10848,1
1329,1
1499,0
8768,1
504,1
5667,0
10040,1
1125,0
6570,1
9673,0
7625,1
3142,0
8174,1
1165,1
6692,1
4824,1
6378,1
11647,1
8595,0
4818,1
6111,0
8830,1
9822,1
7489,0
2297,1
4104,1
10084,1
5786,0
290,0
10304,0
475,1
8943,0
9949,1
698,1
532,1
3074,1
10541,1
8252,1
2494,1
7843,1
9182,0
6442,1
4853,1
6225,1
6997,0
10511,0
2841,1
10481,0
6632,1
343,1
6746,0
6677,0
2957,0
10572,1
2521,1
3571,1
10776,0
7389,1
10154,0
2126,1
8272,0
8877,0
10597,0
6093,1
3269,0
1910,1
9233,1
1531,1
3558,1
11855,1
1986,1
12431,1
10849,1
3522,1
1841,0
7380,0
2793,0
11594,1
9982,0
264,0
10658,1
624,0
4573,0
11112,0
3986,0
6195,0
10859,1
10739,1
3935,0
9468,0
7252,1
8150,0
168,0
12075,0
10423,0
12450,1
3841,0
799,1
1174,1
12100,0
7756,1
7794,0
5526,1
3817,1
7970,1
3422,1
6616,0
10233,1
5658,1
1486,0
2315,0
10307,0
6758,1
4144,1
4377,0
11496,1
12134,0
946,1
6173,0
2276,1
7197,1
4981,0
7991,0
11585,0
7483,1
7899,1
8576,1
11,0
9423,1
9695,1
4482,1
5470,0
688,1
10498,0
8011,1
10827,0
1139,1
4373,0
6469,1
10745,0
8722,1
5651,1
8110,1
7827,1
4741,0
103,0
8628,1
4542,1
11636,1
6448,1
4656,1
9653,0
11130,0
1079,1
11838,1
1759,1
11866,1
1235,1
9403,1
2842,1
8630,1
6158,1
11045,0
4454,0
1529,1
9358,0
8434,1
6849,1
1943,0
5025,0
6639,0
11758,1
8088,1
1765,0
2600,0
6075,1
4089,0
773,0
1950,1
2650,0
11089,1
9295,1
4898,0
5452,0
12323,1
7434,1
5425,1
683,1
12462,0
7654,0
8651,1
10624,1
9496,0
2817,0
699,0
6971,0
5465,1
11375,0
6120,0
3342,0
2907,1
6762,1
11166,0
340,1
3171,0
3621,0
2244,0
2745,1
10473,1
3658,1
8454,0
999,0
3383,0
11149,1
10144,1
6825,1
2940,0
8931,0
5925,1
8463,1
7038,0
1215,1
2999,1
3915,1
11028,1
2812,0
2879,1
6333,0
5001,1
1141,1
3378,1
3217,1
11648,1
9527,0
2975,1
36,0
3921,1
2293,0
11479,1
913,0
9275,1
11295,0
1834,1
2168,1
9099,1
10634,0
2605,0
9592,0
1734,0
10641,1
4341,0
1241,1
1496,1
6668,0
3923,1
4667,1
3145,1
1172,0
2200,0
7838,1
873,1
7847,0
8808,1
1859,1
12059,0
5730,1
2911,0
5928,1
11649,0
11817,1
5633,1
5578,1
9175,0
7984,0
10057,0
11741,0
1916,1
3800,1
6641,1
6097,1
4623,1
6512,1
5387,1
5269,0
540,1
3965,0
11953,1
1466,1
8527,1
4919,0
3840,0
8099,0
7669,1
3724,0
4101,0
4485,1
3215,1
7990,1
976,1
8908,1
1823,0
6463,1
12011,0
5747,0
5154,0
1917,1
1564,1
3898,0
2304,1
8821,1
10332,1
9843,1
832,1
9621,0
8236,1
8309,0
599,1
10676,1
8188,0
6520,0
9866,1
782,1
3624,0
2993,0
6480,1
2913,0
11451,1
6073,1
6953,1
1880,0
3034,0
4073,0
444,0
9267,1
171,0
7704,1
4580,0
2743,1
3160,1
7597,1
706,0
8727,1
7145,0
3542,0
2314,0
8591,0
10375,0
1750,0
4246,1
5549,0
10108,1
9689,0
9541,0
11877,0
2209,1
3698,0
11008,1
10252,0
1501,1
7106,0
5790,0
10935,1
4957,0
780,1
9031,1
6302,1
5131,0
3454,1
11981,0
3052,1
8841,1
9876,0
6054,1
5713,0
2509,1
1651,0
5302,1
2139,1
347,1
2559,1
11180,0
4321,0
7881,1
11579,1
4914,1
1222,0
5587,1
3222,1
2490,1
1691,1
2382,1
5069,0
11794,0
7280,1
194,0
7356,1
10959,1
10997,0
2631,0
6207,0
4736,0
3951,0
3714,0
8685,0
2621,0
4557,0
7085,1
6717,0
8804,0
11254,1
9077,0
1923,1
4627,1
2563,1
6131,0
4980,1
7629,1
3570,1
9435,1
7504,0
6656,1
12003,0
4220,1
7582,1
96,0
874,1
9880,1
10300,1
5385,0
10430,1
9231,1
8636,1
6440,0
4155,1
7240,0
91,0
3662,1
11439,1
9265,0
4079,0
11916,0
2862,1
5236,1
5694,1
9593,1
11902,1
8990,0
8065,1
7662,1
7340,1
5207,1
1467,0
3793,1
1367,0
10301,1
1914,1
9735,0
11413,1
10610,1
3147,1
11059,0
6421,1
8956,0
11708,0
1868,0
8170,1
11825,0
2995,0
6321,1
8270,1
1319,1
1891,1
3368,1
10427,1
88,0
9868,0
6526,0
9681,1
1842,0
6540,1
12222,1
6856,1
3737,1
5265,0
4078,1
8662,0
2651,1
11712,0
10582,0
12297,1
2689,0
10122,0
11818,1
4165,1
7192,0
2668,1
6198,0
7842,0
9972,1
9744,0
5507,1
11428,1
7224,0
12119,1
3610,1
7372,1
10019,1
10986,0
3064,1
9985,1
2875,0
10450,0
8871,1
1119,1
7523,1
440,0
11881,1
10534,1
8260,1
6304,1
12190,1
5369,1
6275,0
9931,1
5735,1
792,1
578,0
11017,1
24,1
9672,0
9429,1
11460,0
8145,0
606,1
3976,1
2335,0
12265,0
6061,1
7890,1
7371,1
8571,0
116,0
7913,1
8483,1
10407,0
8284,1
3839,1
8176,0
7460,0
7338,1
11746,1
3796,1
2566,1
1495,1
3674,1
6294,1
2736,0
8010,0
6703,1
6388,1
12441,1
6873,1
9024,0
355,0
4329,0
8572,0
983,1
590,1
8003,0
2510,1
6209,1
5502,0
8670,1
6693,1
4419,0
596,0
9501,1
4703,0
1350,1
1549,1
3141,0
12292,1
8053,0
2431,1
10031,0
1253,0
8033,1
4265,1
10319,0
7317,0
3402,0
11714,1
6995,0
6082,1
6023,0
5965,0
89,0
7942,1
6508,1
640,0
4563,0
6398,1
9033,0
6978,1
1292,0
9093,0
12444,0
9850,1
11377,0
6037,1
1512,0
8304,1
1804,1
7481,1
10889,0
9164,1
12122,0
11597,0
534,1
8658,0
986,0
11994,1
11769,0
7238,1
671,0
2091,1
9110,1
4021,0
4308,0
8998,0
4848,0
8987,0
11943,0
890,1
1674,0
8362,1
4023,0
8293,0
8806,0
10297,1
6569,1
7729,1
6014,0
3850,0
5616,0
5647,0
2142,0
5449,0
10525,0
7834,1
8095,0
11984,1
11980,1
8741,0
2616,0
6861,0
11983,0
7028,1
1154,0
2714,0
5184,1
11551,0
8835,1
1158,1
10957,0
1528,0
10602,1
2114,1
519,0
10918,0
11012,1
653,0
3632,1
11646,1
7703,0
8094,1
2362,0
1724,1
10258,1
2553,0
251,1
10973,0
11933,0
5311,1
2435,0
7566,1
5200,1
4422,1
6326,0
11102,0
11370,1
862,1
8257,0
1483,0
4783,1
2988,1
4964,1
8352,0
4134,0
665,0
11477,0
3715,1
8178,1
5417,1
12412,1
1249,0
5846,0
7476,0
5911,1
2659,0
3041,1
9102,0
271,0
12038,1
3823,0
3901,0
8777,0
3531,1
157,0
11205,1
5960,1
2214,1
7568,0
8184,1
6572,1
4836,0
3227,1
2466,1
11547,1
2500,1
81,0
3451,0
11168,1
10846,0
11851,1
4673,1
7116,0
6591,1
7062,1
751,1
2953,1
6761,0
9919,1
8058,1
11247,1
3953,0
2338,0
9443,1
8111,1
11135,0
4471,0
8929,0
11005,1
5524,1
3519,0
724,0
8618,1
12063,0
5679,0
10221,1
4572,1
5022,1
11388,0
3058,0
12146,1
5874,0
6406,1
3814,1
3053,1
2041,1
8978,0
9418,1
8394,1
1870,1
6358,0
3903,1
6750,0
1002,1
4013,0
7536,1
3611,0
4991,1
10268,1
6593,0
7345,0
8034,0
11601,1
2396,0
1143,1
8204,0
342,1
3134,1
11480,1
8152,1
8775,1
10800,0
7762,0
4868,0
7960,1
6942,0
9272,1
6259,1
10127,0
7885,1
6634,0
2451,1
5951,1
2789,1
8774,0
9453,1
8203,0
9805,0
241,0
8318,1
7165,1
1542,1
8138,0
3889,0
5264,1
4545,1
11105,0
9788,1
11292,1
6006,0
9977,0
10531,1
8814,1
623,0
8023,1
10787,1
8024,0
9177,1
2518,1
4925,0
3374,1
8967,0
6895,1
8292,1
12102,0
6420,1
12348,1
622,0
4649,1
2263,1
7277,1
8388,1
9130,0
6227,1
11660,1
9036,1
3372,0
12044,1
1271,1
6576,0
8680,1
2243,0
5362,0
16,0
8753,1
2482,0
9810,0
2758,0
2228,1
10942,0
10414,0
8349,1
9388,0
11830,0
4046,0
4994,0
4886,0
2023,1
8924,1
3471,1
187,0
7257,1
10786,0
218,1
7924,0
12293,0
9917,0
2804,1
5245,0
5393,1
11595,1
12369,0
5537,1
4208,0
3795,1
3498,1
2410,0
1245,0
472,0
4872,1
12490,1
6935,0
1412,1
5175,0
10396,1
2867,1
10266,1
9961,1
8714,0
7156,1
1807,1
1276,1
4885,0
10235,0
12295,0
3310,0
9446,1
2300,1
9400,1
2927,1
9764,1
4310,0
897,1
9855,1
1099,0
5451,0
4990,1
4215,1
8321,1
10022,1
9346,1
8416,1
8904,0
3079,0
5277,0
2191,0
6643,1
3226,1
925,0
8114,1
12186,1
5808,1
10625,0
7806,0
3008,0
1938,1
2919,0
8599,0
9266,1
8762,1
10619,0
1179,1
947,0
12214,0
2277,1
5783,0
2082,0
7178,0
11251,1
280,0
975,1
2009,1
3442,1
3992,0
559,1
1224,1
9227,0
11039,1
4766,0
4285,0
12145,1
8164,1
9551,1
1778,1
12398,0
1600,1
11086,0
3560,1
11351,1
1473,0
2386,1
10462,0
9226,1
9723,0
3592,1
6389,1
10971,0
9853,0
11483,1
4801,1
1779,0
10549,1
11412,1
10290,1
2402,1
908,1
5677,1
4110,1
83,1
2223,1
298,1
714,0
586,0
10989,0
2701,1
11903,0
2708,0
3562,1
9303,0
482,1
3700,1
12207,1
2357,1
3577,0
712,1
2012,0
10398,0
362,1
2298,1
8386,1
8780,1
8811,1
5408,0
7288,0
4274,1
1317,1
4644,0
7452,0
10915,0
3496,0
5807,1
3685,0
350,0
6095,0
2839,1
9374,1
1123,0
8233,0
2970,0
8759,1
7571,1
2705,1
9459,0
10095,1
10497,1
10719,1
481,1
2542,0
11966,0
7548,1
12377,0
7454,1
12246,1
8162,1
4372,0
1543,0
997,1
12129,0
5056,1
4876,0
2222,1
210,1
8887,0
2537,1
11781,1
5547,1
4337,1
395,0
10577,1
6360,0
849,0
6026,1
1530,1
433,1
8330,0
7513,0
11789,0
6612,1
9314,0
8944,1
6727,0
3888,1
11987,1
4456,1
737,0
11450,0
2095,1
7427,1
185,1
10707,1
1131,1
12351,0
11109,0
9067,1
4314,1
8461,1
3077,0
10627,1
9642,0
5904,1
795,1
9339,0
11588,0
5765,1
11668,1
12142,0
4269,0
4288,0
213,0
7981,1
4550,0
315,1
1106,0
7327,0
12228,1
5485,1
11343,0
9326,0
4483,1
11716,1
3942,1
8052,0
2557,0
10109,0
12452,1
1275,0
5690,1
12489,1
10241,1
3505,1
5023,0
12432,1
11990,1
70,1
11798,1
8441,0
6824,1
1334,1
1993,0
2260,1
4946,1
1624,1
9276,1
9149,0
10562,1
5748,0
12188,0
11156,0
1205,1
6094,1
3604,0
707,1
6328,1
6365,1
390,0
2197,0
426,1
8666,0
4871,1
11887,1
2516,0
4059,1
8592,0
1669,1
480,1
6199,1
3006,1
8006,0
729,1
1990,0
2160,1
3848,0
637,1
7012,0
8215,0
5726,0
11600,1
3680,0
9650,0
1700,0
12248,1
1185,1
1472,0
11310,1
4411,1
11963,0
5234,1
4494,1
12106,1
9504,1
1715,0
274,1
10026,0
10678,1
8896,0
3594,0
850,1
650,1
4874,1
8231,1
7578,1
9338,1
8430,1
2037,1
11074,1
1104,0
1432,1
9661,1
6117,0
6341,1
6029,1
12304,1
4528,0
3701,0
8567,0
5702,0
2653,0
5718,1
9282,1
4063,0
2869,1
3097,0
4077,1
12132,0
8246,1
2856,0
11756,1
10633,1
5121,1
1166,0
237,0
3962,1
11435,0
2931,1
3881,1
165,1
11150,0
5731,1
6028,1
11965,1
11446,0
6168,0
6058,0
6970,1
12403,1
523,1
7979,0
5755,1
3051,1
6558,1
11492,0
9896,0
12169,0
4253,1
4771,0
3138,1
12436,0
7764,1
7006,1
8495,0
2746,0
4106,0
4690,0
7892,1
2640,0
7795,0
8725,1
12454,1
10380,1
6327,0
9847,1
2035,1
4203,0
3234,0
6651,1
12041,1
10867,0
5936,1
10054,1
1963,1
8594,0
4326,0
10062,0
5009,0
2421,0
5962,0
6836,1
5895,1
1464,0
4393,1
8082,1
12093,0
5067,0
12334,0
8809,1
5508,1
3214,0
5937,0
533,0
1199,1
12105,0
1968,1
11013,1
6542,1
9409,1
1392,1
10393,0
399,1
7331,0
1046,1
7556,1
10126,0
3805,1
10791,1
5661,1
4753,1
198,0
1134,1
8129,0
517,1
1233,0
3529,1
8039,0
11421,1
4935,1
7107,1
6059,0
6915,1
6239,1
418,1
6625,1
594,1
6708,1
4473,1
12499,1
11147,1
4526,0
8635,0
5698,0
9134,1
10066,0
3908,1
8059,0
3042,1
2837,1
4103,1
9878,0
1452,1
5381,0
4698,1
5989,1
6854,0
11436,0
6756,1
7741,1
11403,0
3549,1
11697,1
6050,1
8538,1
9159,1
6238,0
3467,1
7978,0
5153,0
11713,1
10591,0
11443,0
7175,0
7110,1
1429,1
7233,1
10886,1
10488,1
10674,0
2088,0
6934,1
9638,0
9651,1
238,1
8206,1
6766,0
1340,1
12221,0
6518,0
4497,0
4923,0
4969,1
5195,0
301,0
11554,1
9237,1
5555,0
3928,1
953,1
8743,0
4997,0
10648,1
5455,1
2132,1
5276,1
9325,0
3741,1
9698,1
5883,1
8331,0
4453,1
10554,1
7004,0
6091,1
3231,0
10385,1
2097,1
11644,0
11172,0
5426,1
3751,1
6664,1
8791,1
11546,1
4992,0
410,0
9049,0
3135,0
1803,0
10420,0
6764,0
9740,1
3666,0
4255,1
1338,1
4710,1
9737,0
11154,1
1029,1
2143,1
10767,1
6164,0
910,0
4781,0
1918,0
5065,0
11706,1
7751,1
4242,1
9195,1
10048,1
2219,0
1376,1
9792,1
10871,0
9373,1
4755,1
5167,0
1419,0
5444,0
11399,1
7574,1
7668,1
4133,1
8175,0
2407,0
11271,0
5383,1
5492,0
4784,1
1428,1
3175,0
8993,1
8816,1
87,0
11755,1
8503,1
5553,1
2770,1
8785,1
5310,0
160,0
11317,0
12112,0
945,1
7516,1
4391,0
7330,0
5646,1
8590,0
10409,0
8128,0
6083,0
12408,0
10507,0
5469,1
9836,1
11847,1
9286,0
8240,1
732,0
5749,0
1310,0
7660,0
10042,1
1977,1
6959,0
3982,0
675,0
6709,1
55,0
6086,1
7469,1
8892,1
3285,0
11875,1
1753,0
8951,0
12358,0
4030,0
1194,0
61,0
8078,1
8862,1
10714,0
2408,0
11626,1
159,0
7216,0
5071,1
10461,1
12495,0
9493,1
7347,1
8446,0
9451,0
2312,1
7673,1
8690,0
7075,0
9308,1
5833,0
9111,1
10015,1
3732,0
5725,0
6313,1
8801,1
2137,1
3330,0
11309,1
1144,1
12259,0
8477,1
7193,1
11863,1
5386,0
10384,1
8355,0
8825,0
2363,0
4054,0
7855,0
2669,0
4331,1
2610,0
12421,1
3521,1
6809,0
9390,0
4540,0
5112,0
8133,0
4440,0
4055,0
1777,0
5257,1
9030,1
9757,0
6754,1
10860,1
3154,1
2857,0
12068,0
10335,1
11888,0
7745,1
1019,1
5687,0
9341,0
6072,1
708,1
8211,1
10110,1
6182,0
3054,1
11057,1
8030,0
3961,1
9285,1
3284,1
9439,0
5177,1
9745,0
1654,1
267,0
3322,1
5631,1
6775,1
11892,1
7593,0
2639,0
5619,1
4031,1
8731,0
4604,0
1336,1
5978,0
968,1
1130,1
6698,1
10792,1
557,1
12196,1
670,1
9014,0
12203,0
8778,0
2849,0
8045,1
11696,1
2943,1
4505,0
6752,0
8387,0
3187,1
6880,0
5456,1
6303,1
4729,1
1879,0
5816,0
11050,1
5622,0
12241,0
8855,1
7507,0
1091,1
7088,0
9080,1
7115,1
5759,1
2819,1
10000,1
265,1
145,0
2092,1
6251,0
10364,1
4881,0
5218,1
5565,1
3748,0
4523,0
4716,1
3012,1
10362,0
4280,0
12009,1
5338,0
869,1
9859,1
6753,1
11204,1
5498,1
5441,1
9327,1
2305,1
9648,0
10284,1
11506,0
4949,0
1151,1
10721,0
1309,0
3506,0
9155,1
4904,1
4734,1
1270,1
5474,0
1306,1
3258,0
4028,1
12243,0
3144,1
2479,1
11470,1
10950,0
1866,1
2253,0
5892,0
7857,0
6906,1
8109,0
7757,0
12193,0
861,0
10085,1
4384,1
1035,0
226,0
10599,0
10604,0
9264,0
8302,0
9529,0
6658,0
11582,0
3546,1
10264,0
5288,1
9706,1
467,1
10652,1
4363,0
6837,1
2675,0
11499,0
5571,1
5857,1
5992,1
175,1
12171,0
10579,0
6721,1
2623,0
5606,0
3295,0
12071,0
4425,0
11395,1
8414,1
6941,1
2477,1
407,1
10489,1
2179,1
2627,1
7691,0
2567,1
4998,0
12096,1
6114,0
6462,1
12363,0
2984,1
1510,1
2840,0
870,1
10583,1
12069,0
11365,0
10401,0
5568,1
5109,1
6441,0
12019,0
9968,0
10688,0
2208,0
9682,0
1181,0
2118,1
7713,1
11718,1
10242,1
5419,1
11667,0
10348,1
6307,1
834,1
7773,1
8930,0
7911,1
9139,1
3376,0
10102,1
5219,0
7027,1
9207,1
2224,1
6695,0
3178,1
1356,1
1684,0
12466,1
7520,1
9854,1
5484,0
7090,1
8537,1
5297,0
4697,1
10543,0
4511,1
6384,1
5445,0
1818,0
8492,0
2231,1
8672,1
6800,1
1837,0
2440,1
1283,0
8230,1
3155,0
9683,1
2818,1
6744,0
2427,0
7411,1
2384,0
48,1
7231,1
10943,0
1770,1
9928,0
12244,0
1105,1
3829,1
9526,0
10724,1
8105,0
9440,0
5249,0
376,1
11736,1
12209,0
9566,1
876,1
6972,0
7975,1
3394,0
1904,1
1379,0
10479,1
6408,0
8539,0
3977,1
9169,1
11401,0
2295,1
8121,1
5439,0
11145,1
8758,0
11516,1
7247,1
6599,1
10856,1
10453,1
9637,1
6214,0
885,1
8661,0
3110,1
9575,0
4219,1
9763,0
11731,1
12078,0
542,1
3824,1
9398,0
7094,0
7070,1
2587,1
225,0
164,0
1349,1
12407,1
12302,0
1598,1
6285,1
3626,1
11584,1
9902,0
6166,0
3717,1
612,0
11861,1
302,0
7996,0
12497,0
11485,0
1927,0
11452,1
7894,1
11238,1
4835,1
9877,0
6445,1
7957,1
1644,1
12055,1
9135,1
9465,0
1555,0
7044,0
100,1
4037,0
8605,0
6375,1
769,0
8057,1
10321,0
2050,1
6675,1
4918,1
9835,1
4641,1
629,1
1861,0
8499,0
10253,0
4230,1
5101,1
3198,0
11615,0
1638,1
10081,1
9567,1
7010,1
5921,1
6003,0
9627,0
11409,0
2316,0
330,0
7404,1
6998,1
10369,0
8049,1
958,1
11549,0
8395,0
4132,1
1180,1
10749,1
7141,1
9362,1
5115,0
6553,1
12424,1
6795,0
10208,1
12168,1
3413,0
639,0
2774,1
11110,0
11555,1
10368,1
12094,0
906,1
7369,0
7620,1
3607,0
92,0
11079,1
3353,0
4928,0
2346,1
11007,1
11053,0
8642,1
7767,0
810,1
2893,0
3731,0
11287,1
10685,1
2289,0
8807,0
3975,1
7891,0
6759,1
5512,1
3384,0
10818,1
5601,1
460,0
4464,1
5707,1
8337,0
8139,1
3229,1
2094,1
7205,1
2232,1
5605,0
11425,1
8348,0
10614,0
634,1
11276,0
6751,1
4662,0
5665,1
10695,1
2805,1
1646,1
3852,0
5244,1
9600,0
5563,1
4915,1
7440,1
11815,0
12483,0
7492,1
2850,0
5030,0
9574,1
11261,1
11266,1
6400,0
5248,0
1257,1
4591,1
8262,0
5107,0
981,1
5100,1
9324,1
4016,0
11556,0
3087,0
3021,1
11478,1
9321,1
8876,0
9304,1
11138,1
9518,0
11119,1
4695,0
9944,0
3718,0
2080,0
6203,1
10257,1
3435,1
1447,1
7313,0
575,1
12135,1
11529,0
2884,0
11210,1
11928,1
1227,1
8600,1
1749,0
10092,1
12276,1
6222,1
1492,1
4143,1
5316,0
12089,1
9724,1
6833,1
10590,0
7024,1
7388,1
3083,0
5593,1
10961,0
8396,1
2730,1
4538,0
10833,0
6633,1
10956,0
6926,1
6899,1
7694,1
3530,0
6098,1
7466,1
8561,1
2334,1
1523,0
348,1
5680,1
8558,1
10932,1
2269,0
6655,0
10350,1
884,1
11925,0
11519,1
9942,0
9162,1
3665,0
1571,1
144,0
2756,1
208,0
11508,0
9190,1
7968,0
11394,0
3963,0
8570,0
6236,1
1667,1
4369,1
9375,1
1790,0
10567,1
6645,0
5210,0
119,1
9703,0
11629,0
76,0
6586,1
2620,0
4618,1
12216,1
5247,0
1511,0
6898,1
10550,1
8037,1
9126,0
10076,1
1116,1
9340,0
8675,1
1726,1
71,0
367,0
14,0
9165,1
1009,0
5410,1
153,1
5024,1
5206,0
3379,1
1445,1
8455,0
5160,0
1112,0
7438,0
8789,1
6980,1
10522,1
7866,1
2782,0
6683,0
5127,1
3567,1
4500,0
8300,0
6917,0
12123,0
10840,0
5114,1
10544,0
2543,1
11474,1
1001,1
10192,0
4566,1
10568,1
9184,1
7037,1
8554,1
6235,1
11690,0
1722,1
10101,1
1375,0
8531,0
12286,0
5482,0
11306,1
12301,0
11642,1
5509,0
9318,1
8856,1
3575,0
856,1
3791,0
2433,0
1337,0
3973,1
7235,0
649,1
2491,1
11904,1
451,1
2047,1
12015,1
7955,1
6458,1
4811,1
1415,1
8481,1
9414,0
9830,0
7284,0
2615,1
7366,0
9984,1
5893,1
1875,0
8501,1
1305,0
499,1
5699,0
10080,1
12264,0
5873,1
7278,0
5818,1
4402,1
5561,1
12239,0
12386,1
9173,0
3478,0
1133,0
2704,1
11164,1
9882,1
2576,0
8436,1
9851,1
4261,1
12417,0
2439,1
406,1
9804,0
10825,1
9596,0
10975,0
1225,0
11897,0
12187,0
7264,1
5076,1
9232,0
4342,0
6390,0
11323,0
7230,0
2242,0
1273,1
6101,0
9042,0
12491,0
2331,1
12287,0
12375,0
3159,1
4401,0
7747,0
12070,0
8263,0
5156,1
425,1
10812,1
10500,1
9789,0
12147,0
2178,1
5862,0
7260,1
6871,0
3625,1
6928,0
2446,0
10545,0
1065,0
8146,1
9380,1
9733,0
5132,0
3450,1
6952,1
5863,0
11186,1
9065,0
7293,0
2353,0
5364,0
4723,1
7736,1
2227,1
8409,0
8487,1
3125,1
3583,0
10515,0
3968,1
12349,0
12226,1
2233,0
8894,0
3487,0
7089,0
3520,1
5636,1
8909,0
5399,1
2247,0
7397,1
11956,0
11664,1
1085,0
4249,1
9218,1
3862,1
3316,0
5103,1
7465,1
11027,0
4,1
3545,1
489,0
2676,1
8075,1
1211,1
9001,1
8739,1
10607,0
4643,1
8470,1
7555,1
5004,1
3911,1
12311,1
11265,0
191,0
4428,0
7408,0
10405,0
4003,1
3630,1
11449,1
7710,1
7413,1
4646,0
7965,1
4877,0
11190,0
4323,1
7573,0
9888,0
12103,0
10098,1
1709,1
186,0
1979,1
5791,0
6077,0
8314,1
2169,1
6451,0
3573,0
3220,0
8125,1
2655,0
3723,1
2929,0
6805,1
5655,1
4244,1
8113,1
9168,1
5328,0
2809,0
3790,1
3179,0
6772,1
3325,1
11129,0
11437,0
8575,1
1017,0
1269,1
11827,1
1369,1
5240,0
11066,0
178,1
984,1
4068,1
3993,0
3655,1
3753,1
5059,1
11883,1
9545,1
9000,1
8103,1
9754,1
10471,1
2783,0
1548,1
9138,1
2722,1
11587,0
6200,1
8799,0
11429,1
10467,0
5922,0
5715,1
5505,0
7815,1
11878,1
6943,0
5772,1
5110,0
3037,1
10672,0
9103,0
9331,0
6466,0
8017,0
10199,0
905,1
11573,0
8437,0
11632,0
4374,0
6495,1
11504,0
11269,1
11100,1
3752,1
4672,1
9131,0
79,0
9634,1
11019,1
5741,1
10404,1
10111,1
9883,0
41,0
303,0
7893,0
2111,1
11060,0
4571,1
4433,0
7360,0
12128,0
1255,0
4412,1
4302,1
9580,1
718,1
1170,1
6755,1
3636,0
2564,0
678,0
4057,0
2203,0
4519,0
2081,1
1655,0
6860,0
12130,0
10516,1
12347,1
6354,1
42,1
8621,1
2799,0
10978,1
6027,1
5821,1
11923,1
9353,1
3033,0
11398,1
3122,1
5959,1
4074,0
445,1
7496,0
1234,1
9759,1
3098,0
2952,1
3812,1
10028,0
3055,1
12326,0
262,1
11693,0
6230,1
11293,1
8517,1
6416,0
12178,1
982,1
7215,0
10955,0
11674,1
5432,1
8173,1
10074,0
8047,0
4142,0
5814,0
1219,0
3622,1
8186,0
2921,0
12488,0
4408,1
5941,0
11685,0
11113,0
6402,1
1873,0
11560,1
10164,1
10673,1
5907,0
1062,0
4345,1
7860,0
3070,1
476,0
8815,1
9189,1
5047,1
6109,1
7092,0
5130,1
10051,1
12198,0
7900,1
2256,1
2874,0
5346,0
7874,1
11319,1
12181,1
9856,0
3670,1
8086,1
8559,1
10873,0
12079,1
3781,1
10011,1
8038,1
37,0
5128,1
9966,0
10386,0
747,1
3101,1
2018,1
7007,0
10502,1
11586,1
7336,1
3966,0
3210,0
3022,0
7082,1
284,1
4507,0
10760,1
10799,0
5226,1
4462,0
3652,1
7871,0
5839,1
8210,1
10819,1
4099,1
465,1
3556,1
8415,0
4693,1
9299,0
4191,1
4458,0
5274,1
5368,0
10709,1
3239,1
4520,0
4062,1
10492,0
2462,1
1341,0
7734,1
10024,1
9936,0
6647,1
2906,0
9768,0
6178,1
3534,0
5923,1
1192,0
5529,1
4190,1
10793,0
4114,0
5977,0
4445,0
9479,1
8256,1
1040,1
8529,0
11221,1
1239,1
1939,1
1056,1
4348,0
1031,1
6265,1
2771,1
587,1
1969,0
1454,0
3002,1
5780,1
12498,1
9747,1
6919,1
692,1
11046,1
10874,1
11836,0
2030,1
2376,1
3971,1
1657,0
11974,0
8000,1
5918,0
10900,1
10626,1
7188,0
1149,1
6529,0
9893,0
6424,0
6319,1
3641,1
695,1
4930,1
6985,0
7538,1
8738,1
3164,0
8422,1
9505,0
4663,1
10656,1
7898,1
2823,0
9245,1
10183,1
7919,1
4629,0
8850,0
2324,0
183,1
7664,1
5536,1
7563,0
3459,0
10124,1
7920,0
4670,0
8181,0
6391,1
11277,1
5766,1
5659,1
11635,1
2378,1
11539,1
6660,1
51,1
8663,1
4275,1
8213,0
10160,0
5611,1
6838,0
2428,0
1064,0
3599,1
2328,0
9799,1
2608,1
5123,1
1989,1
927,0
15,1
10049,0
5784,1
6452,0
10318,0
8015,1
5729,0
9185,1
10170,0
12318,1
12230,1
2697,1
5382,0
11568,0
2434,0
10033,0
11290,1
3760,0
9542,1
12401,1
4897,0
5503,0
7143,0
1005,1
9475,0
7241,0
4387,0
7615,1
1951,0
4978,0
4082,0
3468,1
2673,1
9752,0
3757,1
7130,1
3388,1
6297,0
10769,1
7705,1
9629,1
8172,1
4086,1
580,1
1670,1
7837,1
10729,0
7000,1
10798,1
539,0
9710,0
23,1
3232,1
10093,0
5744,0
12036,0
11853,0
8280,1
6793,1
1746,1
7635,1
2634,1
3619,1
252,0
10972,0
8093,0
777,1
4322,1
5984,1
9643,1
1957,1
8645,0
4457,1
4536,0
4178,1
10034,1
11302,1
6730,0
3015,1
3943,1
5582,0
2254,0
5714,0
7528,1
7679,0
6016,1
7724,1
12368,0
11025,0
1290,0
10878,1
6713,0
2896,0
12325,0
11232,0
1377,1
7439,1
441,1
2437,1
9056,0
9796,0
8289,1
1636,1
9583,0
8079,0
7665,1
2808,0
11456,0
5360,0
11284,1
10994,1
3868,0
9640,0
11733,1
5252,0
5781,1
9142,0
8239,1
12269,1
11341,1
3768,0
4730,1
11181,0
12249,1
10002,0
3373,0
12005,1
2678,1
805,1
1676,1
12290,1
10865,0
4136,1
9454,0
3032,1
5854,0
9471,0
911,1
6881,0
8698,1
4223,0
4658,0
4351,1
9748,1
7569,1
6045,1
1333,0
7916,0
7339,0
11329,1
11515,1
8438,1
7031,1
2377,0
6673,0
7818,1
3271,0
423,0
7352,0
10863,1
1207,0
9644,0
598,1
7051,1
1829,1
8490,1
12411,1
7458,0
12455,1
5052,1
7802,0
6672,1
2629,1
10663,0
9012,0
4093,0
148,1
5194,1
1623,1
9707,1
1103,0
222,1
2303,0
5693,1
3533,0
6831,1
2113,0
3129,1
7386,0
6138,0
10210,0
5489,1
12387,0
8329,1
11691,0
8639,0
10088,0
935,0
10735,1
3010,0
5344,0
8013,1
4364,0
10207,1
8151,1
4707,1
8975,0
6007,1
10789,1
8939,1
11602,0
7281,1
9200,0
1519,1
8201,1
11406,1
10665,1
7154,1
1156,0
11298,0
10536,1
8693,1
8067,0
8383,1
9750,1
6234,0
8906,1
3598,1
6688,0
10289,0
2196,1
4582,0
11031,0
11604,1
7974,0
9188,1
10723,1
1193,0
3815,0
4493,1
3482,1
1716,0
11645,0
6541,1
7351,1
394,1
3416,1
7337,1
2198,0
6484,0
9361,0
391,0
3664,0
8301,0
7682,0
6034,0
128,1
8721,0
10862,0
798,1
2430,1
3880,0
7086,1
3249,0
421,0
2528,0
3710,0
5706,1
1015,0
9940,1
5782,0
6714,0
2180,1
4775,0
8279,1
8820,0
9721,0
1263,0
4496,0
5629,1
3676,1
770,0
11896,0
9939,1
281,1
6403,0
5063,1
2977,1
7506,1
11850,1
8224,1
5740,1
7651,1
6771,1
3162,1
10897,1
5733,1
10564,1
6513,0
2664,1
1874,1
6107,1
9092,0
6820,1
9481,1
9079,1
3902,1
8719,0
1372,1
9450,0
4172,1
7850,1
12229,1
6343,0
6975,0
1698,0
1061,0
1858,1
10421,1
9693,0
11721,0
7542,1
3302,1
6140,1
11822,1
854,1
7811,0
5648,0
12456,1
10510,0
9091,0
8189,0
8112,0
6627,1
11139,1
11337,1
7917,0
10399,0
1689,0
273,1
1588,0
560,0
8136,0
4827,1
10817,0
8882,1
4469,0
816,1
4973,1
6631,0
10341,0
7594,1
7769,1
3523,0
1448,0
5853,1
1941,1
68,0
2493,0
3692,0
3479,0
1503,0
7896,0
133,0
7497,0
9732,0
11846,0
9861,0
2090,1
3314,1
10087,1
7657,1
1322,0
9515,1
25,1
760,0
10134,1
8169,1
10906,1
12367,1
4814,1
5462,0
9180,1
5021,1
10967,1
9967,1
3011,1
3959,0
1339,0
457,0
2221,1
7640,0
1831,1
1616,0
7368,1
3767,0
6491,1
3476,0
9167,1
11617,1
672,0
4504,1
9394,0
3263,0
10269,1
7383,1
293,1
9535,1
5691,1
1525,1
7,0
2457,1
12164,0
11111,1
9105,1
3574,0
6736,0
1912,1
2656,1
9385,0
471,1
8933,1
5813,1
1072,1
5351,1
4346,1
10743,1
2741,0
11867,0
7036,1
7792,1
3754,1
6244,0
2735,0
9161,1
4460,1
3886,1
3548,0
2688,1
6260,1
3211,1
9641,1
10561,1
4277,0
2261,0
10279,1
3761,1
5343,0
643,1
10295,0
6979,1
1582,0
2554,0
4084,0
7717,0
8669,1
3272,1
1016,1
7314,0
1568,1
7878,1
2448,1
802,0
9256,0
847,1
5204,0
8547,1
10107,0
5653,0
4774,1
1533,1
9820,1
1370,0
2175,1
10741,1
7627,1
3552,1
452,0
1404,1
8249,1
9323,0
8726,0
6253,1
10330,0
1830,1
7742,0
2798,0
483,1
583,0
4527,1
4737,1
7922,0
3958,0
1231,1
7624,0
3235,1
3733,1
6212,1
310,0
6043,1
11274,1
1970,1
12447,1
10344,0
2251,0
10984,0
6678,0
859,0
12392,0
7315,1
235,1
9978,1
6741,1
11350,0
3242,0
12472,1
7652,1
359,1
6032,0
1361,0
11622,0
6901,1
2274,0
5182,0
2671,1
10408,0
6866,1
4587,0
4102,1
1430,1
690,0
1080,1
3906,1
1626,0
1266,0
608,1
9013,1
3289,1
10244,1
4711,0
8803,0
10939,1
3872,0
9865,0
2122,1
3842,0
12032,0
10853,1
6618,0
7295,0
11444,0
8287,1
10390,1
10128,1
5909,0
4941,1
1267,1
10753,1
12317,1
1010,1
7461,1
4315,1
1280,0
4617,0
380,0
8973,1
3507,0
8115,1
12337,0
11938,1
1988,1
1579,0
9812,1
582,1
8829,1
5097,1
9127,1
6653,1
8792,1
9402,0
8805,0
3111,1
1153,0
368,0
6937,0
3195,1
10030,1
263,0
9665,1
11663,1
10509,1
8070,0
5779,1
7551,1
5938,0
7064,1
2649,1
7376,0
9773,1
6330,1
11250,1
4534,0
9117,0
2130,0
6527,0
10139,0
11918,1
9986,1
4328,0
9779,1
4543,1
4305,0
12252,0
6884,0
369,1
7953,0
9448,1
10353,0
5682,0
1928,1
2444,1
3998,0
944,1
12126,1
7118,1
4625,1
6701,0
9129,1
12437,0
8276,0
11268,1
4956,1
3867,1
8597,1
6989,1
939,0
5414,0
11026,0
11747,0
10622,1
3088,0
4614,0
1228,0
2128,0
667,0
9289,1
3659,1
938,0
275,1
7441,1
5292,1
8763,0
5666,0
9907,0
9410,1
9889,1
720,0
6197,1
4107,1
7429,1
10228,0
11541,0
3219,0
2207,0
9136,1
748,1
5971,1
4382,1
9425,1
5664,0
11581,0
8853,0
8918,0
3618,0
8945,0
4554,1
8922,0
8782,0
9005,1
9316,1
1843,0
4441,0
12148,0
6796,1
9667,1
791,1
9069,1
7473,0
209,1
872,1
1410,0
12175,0
7306,1
5315,1
11114,1
5466,1
2622,0
12389,0
1484,0
547,1
233,1
4715,0
2583,1
12109,1
5396,1
11216,1
10188,0
2183,1
1024,1
746,0
909,0
6944,1
2271,1
10514,1
7032,1
3320,1
4767,1
7422,1
184,0
4705,1
4389,0
176,1
7943,0
11960,1
9821,1
4864,1
8977,1
2894,1
1797,1
8640,0
10446,0
5308,1
8994,1
11730,1
10013,1
12273,1
10922,1
9053,0
9386,1
2693,0
10132,1
4047,0
3870,0
381,1
3877,1
11753,0
2100,0
6804,1
4488,0
10763,0
1435,1
5742,1
6371,0
269,0
4237,0
4908,1
11868,1
6774,1
12144,0
11871,0
5254,0
11237,1
7490,1
9473,1
2996,1
10226,0
6687,0
7766,1
2870,1
9765,1
1886,0
5662,0
7354,1
4560,1
9994,0
10293,1
4221,1
12208,1
5948,0
2413,0
2163,1
5483,1
8798,1
10052,0
1618,1
3557,0
4983,1
6156,0
7760,0
10705,1
4648,0
9910,1
5599,0
5732,1
597,0
11257,1
4289,1
6377,1
726,0
6999,1
6025,1
3605,0
4019,0
11184,0
6732,1
4932,0
10422,1
2703,0
10979,0
3483,0
970,1
12251,1
11692,0
6410,0
1920,1
5827,0
12395,0
6096,1
11694,0
4654,0
10732,0
5122,0
5380,1
12400,1
5531,0
2992,1
2878,1
12183,0
9210,0
1538,1
7250,0
12492,1
107,0
4061,0
11386,0
6116,0
8098,1
345,1
6323,1
10696,0
393,0
1155,1
4501,1
2790,0
6967,1
7229,0
1259,0
257,1
6019,1
10113,1
10682,1
11936,0
12097,0
10271,0
12266,0
5990,1
7209,1
7451,1
282,1
8564,0
5640,0
5615,1
203,1
2687,1
2259,0
4036,0
8107,0
9028,0
11940,0
4822,0
9311,1
8667,0
9291,1
3213,0
7951,0
9485,1
828,1
10788,0
3502,1
703,0
4640,0
1330,1
2155,1
11264,0
9278,1
7379,1
4294,1
8428,1
8341,0
5188,1
4825,1
10456,1
5118,1
510,1
8069,1
9620,0
7948,0
3408,1
652,0
3608,1
247,1
1992,0
7105,1
1527,1
121,0
7065,1
7976,1
6715,1
1738,0
609,1
9790,0
3347,0
1617,1
1995,1
1328,1
12043,0
2360,0
2501,0
3066,0
5835,0
11634,0
1581,1
1849,1
10569,0
1286,0
10141,1
10519,0
7081,1
1163,1
4727,1
4684,1
1613,0
11743,0
1127,0
11345,1
12240,0
8131,1
2145,1
31,1
3117,1
6273,1
855,1
2914,0
9436,1
2711,1
2533,1
7672,0
4728,0
2945,0
5215,1
5663,0
5475,1
589,1
6987,1
9591,0
7887,0
10272,1
10220,1
7701,0
9007,1
4837,0
6012,0
4521,1
3477,1
5736,0
2393,0
4726,0
12232,1
10097,1
1298,0
7108,1
10653,0
3224,1
189,0
8873,0
1799,1
8077,1
10482,0
2438,0
2577,1
7803,1
5150,1
5728,0
6150,0
3313,1
9238,1
6519,1
11092,1
9728,0
841,0
7392,0
12321,0
6986,1
4583,0
9486,0
6843,1
7472,0
11023,1
10880,1
8312,0
8097,1
3460,0
4622,1
1118,0
1381,1
11683,1
2614,1
11687,0
2961,0
9022,1
745,1
715,1
11795,1
5367,0
10339,0
9516,1
9499,1
2109,1
3430,0
12210,1
2371,0
7385,0
7359,1
4159,0
11362,1
788,0
12313,1
3917,1
1173,1
11766,1
3831,0
7618,1
6479,1
9026,1
10910,1
1088,0
4719,1
923,1
3778,1
10311,0
10882,1
9926,1
1244,0
11977,1
6604,1
3241,1
1397,0
7888,0
2712,1
10478,1
7203,0
56,1
1183,1
1107,0
12414,0
4777,0
202,1
2185,1
7587,1
3292,0
10148,1
833,1
2909,0
12051,1
4386,0
5141,1
5392,0
2465,1
4817,1
11821,0
9379,0
12353,0
7783,1
10103,0
9157,0
4335,1
4218,0
8867,1
2369,1
10805,0
7630,0
5201,0
3464,1
11534,0
7445,1
4819,0
11194,1
461,1
8880,0
1048,1
7297,1
2638,1
12420,0
3461,1
6282,0
1293,0
10302,1
12346,1
8317,1
10806,1
8860,0
9976,1
853,1
7554,1
2170,1
7839,1
12,0
333,1
10647,0
3338,1
12238,0
1729,1
10872,0
4666,1
7980,0
763,1
4327,1
5331,1
1332,1
8168,1
10288,0
10720,1
12397,0
7612,1
6784,0
686,0
5577,1
4696,0
67,1
5139,0
4113,1
7619,0
10595,1
11335,1
8691,1
821,1
6684,1
9290,1
1974,0
766,0
2241,1
12115,0
1877,0
8315,0
10616,0
7789,0
10501,1
11358,0
6556,1
9971,0
5211,0
10762,0
11359,1
8606,1
10179,0
7856,0
4124,0
4360,0
2000,0
1630,1
3863,0
3420,0
4746,1
10360,1
10945,0
7491,0
5701,1
12002,1
991,0
806,1
3996,0
8589,0
8200,1
796,0
6890,0
9813,0
3969,1
7519,0
1942,0
8117,0
5574,0
8546,0
10794,1
5373,1
11873,0
1160,0
2681,0
785,0
11467,0
645,1
4474,1
10930,1
9694,0
4880,0
10025,1
11862,0
3543,0
6597,0
3329,1
7186,0
1509,1
1696,1
8949,1
3561,1
10280,0
2349,0
3109,1
8574,0
1714,1
3161,1
1007,1
6254,1
8827,1
9546,0
334,1
11099,0
5287,0
9603,0
3683,0
12204,0
8770,0
11652,1
9842,0
12035,0
1862,0
11259,1
2411,1
4379,1
6439,0
513,0
10470,0
325,1
544,0
6916,1
9716,1
6821,1
243,0
10,0
12114,1
8578,0
9063,0
1971,0
2706,0
5461,0
10077,1
311,0
5494,1
9996,1
9371,1
5750,0
8351,0
9908,1
10205,0
4171,1
1606,1
8754,0
5535,0
6494,0
1884,0
10826,1
2972,1
6202,0
6122,0
7134,1
7962,1
6770,0
11379,0
388,1
6219,1
9991,0
1439,0
3204,0
4150,1
11858,0
7361,1
5357,1
10877,0
4812,0
2230,0
8019,1
12113,1
631,0
6186,0
5332,1
2515,1
1323,1
4531,1
1589,0
11905,0
11334,0
9560,1
4286,0
2905,1
10379,1
5275,1
2968,0
11174,0
1953,0
3318,1
5519,1
11197,0
4595,0
5146,0
10970,0
1867,0
10596,1
10941,0
11735,1
1012,1
1020,0
12350,1
1045,0
5480,1
38,1
6646,1
9970,1
9990,0
3358,0
8665,1
10815,0
8544,1
723,1
9552,1
4541,1
9492,0
11087,0
2534,0
3938,0
694,0
4151,1
10761,0
361,1
7547,0
1863,1
3991,1
7798,1
8962,1
3759,1
7725,1
5660,1
2865,0
1836,0
4397,1
11077,0
8183,1
9755,0
12413,1
3489,0
6924,0
9378,1
4750,1
9243,1
1683,0
11502,1
6359,0
11491,0
904,1
3660,0
1314,1
9408,0
8905,1
3194,0
2159,1
276,1
10320,1
439,0
9201,0
1835,0
12237,1
11839,0
1678,0
1167,1
10901,1
1795,1
11108,0
12220,0
10830,1
2810,1
865,1
1178,1
10995,0
8119,0
6580,1
7581,0
5471,1
4152,1
6679,1
10265,1
3798,0
3743,0
12333,1
10149,0
10086,1
10520,1
1665,0
11720,1
5716,1
3913,1
9342,1
2578,0
6994,0
2294,0
12410,0
2632,1
6409,0
5843,1
10212,1
851,1
11458,1
990,0
8480,0
9320,0
8659,1
12065,0
6192,1
8845,0
306,1
11331,1
3833,0
118,1
317,0
1962,0
9514,0
8406,1
2220,0
8291,0
3170,1
9729,1
3470,1
2285,0
4579,0
6883,1
1757,0
4815,1
7300,1
10870,0
717,0
12324,0
2719,0
750,0
7261,1
4613,0
2469,0
7423,1
1203,1
2572,0
2436,0
8423,1
5263,0
3569,1
8385,0
1602,0
2429,0
7254,0
11116,0
12060,0
6243,1
5672,1
1082,1
11093,1
3280,1
3407,1
5581,1
6394,1
4599,1
50,1
9511,0
4233,0
5685,0
9899,0
2450,1
10209,1
3554,1
6918,1
6454,0
5208,0
7146,0
75,0
1383,1
11628,1
11014,0
1094,1
10985,1
8813,1
3029,1
10557,0
7759,0
12151,0
364,0
6897,1
7639,0
11745,1
6635,1
5334,0
8512,0
1771,1
1572,0
11132,0
9858,0
2105,1
10234,0
8702,0
3532,0
2265,0
11954,1
8118,0
11231,1
1755,1
7733,1
3244,1
2807,0
1242,1
9832,1
2852,0
6142,1
1596,0
6060,0
2076,0
117,0
8274,0
10377,0
12066,0
12396,1
4940,1
9298,1
11068,0
8520,0
9556,1
9540,0
8326,1
2387,0
10219,0
5090,1
11557,0
3808,1
2603,1
10370,0
11507,0
1282,1
6362,0
3114,1
4381,1
8831,1
5064,0
11618,0
2916,1
4796,0
8735,0
12494,1
6139,1
8535,1
3062,0
6765,0
10333,0
3323,1
351,0
8044,0
10326,1
4846,0
2846,0
8137,1
8234,0
8081,0
1782,1
11845,0
7132,1
11466,0
902,0
7160,0
11672,0
4205,0
3914,1
1210,1
8089,0
279,1
11572,0
2883,0
6459,0
10455,1
8800,1
7398,1
11705,1
10448,1
11643,1
9199,1
11426,1
124,0
5810,1
7628,1
9008,0
5949,0
11407,0
5012,0
3773,1
1028,0
3370,1
11260,0
9249,1
319,1
1594,0
1652,1
9521,1
7021,0
11531,0
11193,0
964,1
11182,0
6844,1
11473,0
2057,1
6598,0
7125,0
4232,1
12173,0
9128,1
8208,1
1095,1
8372,1
604,0
2792,1
10765,1
6663,1
6622,1
3763,1
5934,1
7455,1
10966,1
5739,1
5831,1
10217,1
11360,0
1147,1
346,0
10349,0
1451,0
3792,0
7199,0
7430,1
5072,1
3136,1
9604,1
4266,1
11811,1
10329,1
7042,0
9544,1
10275,0
12405,1
10047,1
9480,1
2752,0
4394,0
11639,0
10588,1
10248,0
11532,0
1036,0
10755,1
10948,0
1838,1
4878,0
370,0
10998,1
3536,0
6579,1
270,1
1690,1
5272,0
9756,1
432,1
8870,1
6984,1
11075,0
10001,1
5910,1
7677,1
988,1
1221,0
201,0
7114,1
2177,1
2946,1
8365,0
5598,0
11962,0
9191,1
4004,0
12279,0
490,1
10609,1
2124,1
5232,0
2317,0
8723,0
9147,1
7559,1
1577,1
7867,0
7133,1
430,1
3108,0
7245,1
10285,1
7730,0
4026,1
2928,1
4581,1
6533,0
2892,1
5617,1
4597,0
11314,0
7195,1
4043,1
7279,0
5479,1
9731,1
7966,1
2872,0
5737,1
11372,0
11737,1
9060,1
4443,0
7355,0
4556,0
12045,1
569,0
6453,1
11143,1
4224,0
2613,0
7775,1
10771,1
1480,0
3350,1
11773,1
10429,1
4032,0
6539,1
11144,0
11036,1
2967,1
12319,0
6611,1
8633,1
7715,1
11048,1
8524,1
3646,1
206,1
5314,0
8837,0
10475,0
3645,0
1539,0
6609,1
8617,0
6720,1
7185,1
4547,1
495,1
2361,0
12212,0
1775,0
6585,0
4353,0
5811,1
8319,1
1006,1
3828,1
9803,0
5499,0
9021,1
8752,0
9749,1
2173,1
2288,0
12022,1
240,0
3181,0
893,1
5876,1
8157,0
4752,0
6161,1
2847,0
215,1
1556,1
10593,1
3396,0
6490,0
11155,1
10338,0
5826,0
5279,1
9052,0
9313,1
2202,1
3749,0
9337,1
10186,1
5042,0
10337,1
2348,1
6801,0
6033,0
6544,1
6704,0
1311,1
530,1
2070,1
2535,0
4245,1
11890,0
5283,1
11490,1
3853,1
7771,0
11666,1
814,1
9785,1
6340,1
3127,0
2282,1
7610,1
8730,1
811,0
12451,1
12085,0
6154,1
7699,1
3553,1
5650,1
12215,0
1316,0
9041,0
1414,1
625,1
830,0
1888,1
7135,1
7819,1
12117,1
700,1
4889,0
2073,1
8468,1
2028,1
7816,1
11970,1
7969,1
10303,0
771,1
8750,0
1113,0
5411,1
7989,0
3306,1
4333,0
1570,0
6963,1
10267,0
3455,0
3528,0
9183,1
11367,1
4537,0
2283,0
734,0
6694,1
836,1
419,1
5681,0
7944,1
537,1
7614,1
8389,1
831,0
6640,1
10196,0
9382,0
190,1
2416,1
10770,1
2918,1
11843,0
3486,0
9424,1
2255,0
5945,1
7674,1
5237,1
261,1
6146,0
73,1
2780,0
6038,1
7486,0
3882,0
4913,1
11577,0
9240,0
2978,0
11252,0
8120,0
1558,1
8676,1
1195,1
10581,1
4299,0
804,0
12448,1
12469,0
5453,0
1394,0
2280,1
9578,1
4339,0
9838,1
6842,1
11211,1
3593,1
11104,1
3382,1
2924,0
11776,1
1561,0
9815,1
9924,0
12101,1
1198,1
5908,1
7681,0
9119,1
5996,0
1077,0
5804,1
3584,0
572,1
2761,1
10237,0
2910,1
11777,0
10131,1
10270,0
8925,0
3425,1
6381,1
3587,1
3078,1
3774,1
3983,0
3001,1
3719,1
10740,0
11978,1
3045,1
5773,0
10274,0
5776,1
4024,1
3633,1
10999,1
9608,1
9831,1
11942,0
4502,1
756,0
10717,1
6592,1
5190,0
7632,0
7692,0
11187,1
2225,0
12268,1
5079,0
9879,1
115,1
2181,0
8629,1
3334,0
3004,1
4189,0
6827,0
8347,1
5848,1
4157,0
1416,1
8296,1
9937,1
4544,0
4688,1
10816,1
656,0
8631,1
8066,1
11002,0
1025,1
6174,0
10016,1
6411,0
8965,1
10666,1
11999,1
7663,1
3675,1
10851,1
6134,1
9827,0
8324,1
5915,1
907,0
2825,1
11433,0
7697,0
94,1
11655,1
9484,1
6159,0
943,0
3299,0
1182,1
5388,1
113,1
3081,0
3290,1
11286,0
5997,1
3484,0
7501,1
3237,1
7346,1
6295,1
10204,0
10089,0
5427,1
12464,1
12443,1
12365,0
6136,0
9017,1
7025,0
8626,0
8613,1
2032,1
8732,1
9502,1
4140,0
6337,0
6785,1
12200,1
9837,1
10463,1
8205,1
6885,1
454,0
10594,1
12133,0
2504,1
9328,0
11067,1
4952,0
4075,0
2851,0
3895,0
10316,1
11511,0
2960,0
4515,0
431,1
6702,0
2514,0
11537,0
446,1
3007,1
7402,1
5193,0
1593,1
7120,0
3699,1
12120,1
10165,1
4121,1
463,1
7595,1
3744,1
7967,1
9988,1
11124,0
5057,0
8972,0
9794,0
4194,1
9158,1
10442,0
1744,1
3932,1
1650,0
5914,0
1246,0
6300,0
6815,0
8320,0
9588,0
8442,1
10273,0
5467,1
3855,1
1727,0
1609,1
1066,1
10612,1
3713,1
4332,1
6525,1
4421,1
6773,1
837,1
8985,1
8701,0
3673,1
823,1
12453,1
11614,0
4965,0
10373,0
149,1
10343,1
11780,1
11024,0
7142,1
5943,1
1363,1
1805,0
2956,0
3023,1
1135,0
10206,0
10050,0
1427,1
2507,1
10635,0
10868,1
5262,0
1346,0
1712,0
4974,1
5358,0
5935,1
12391,0
4235,1
10240,0
4034,0
11961,0
8254,1
882,1
3038,1
10070,1
2531,0
4066,0
2364,0
6690,0
8303,0
9122,1
8350,1
2680,1
6347,1
10123,0
1399,1
6561,1
6992,1
977,0
7684,0
2694,1
5029,0
4295,1
11279,1
1756,0
11058,1
5752,0
12422,0
9050,0
10974,1
8838,0
7417,0
3912,0
1688,1
1693,1
3679,1
11676,0
11368,0
8818,0
5294,0
4272,1
3517,0
9983,0
236,1
1605,1
577,1
6691,0
11576,1
10657,1
8772,0
5457,1
8268,0
7763,0
3357,1
8637,1
1629,1
3296,0
11592,0
6196,1
3230,0
283,0
8919,1
1052,1
4334,0
8286,1
1599,0
3644,0
4010,0
603,0
9904,0
6242,1
4574,1
320,1
101,1
4011,0
8638,1
10754,1
6310,1
5926,0
1999,1
4451,0
11754,0
10345,1
10914,1
4972,0
4050,0
3980,1
11283,0
8895,0
2571,1
1400,1
4634,0
6623,0
5523,0
11563,1
5390,1
10014,0
245,1
739,1
5290,0
2211,1
9517,0
7535,1
11242,1
9811,0
1685,1
7227,0
1742,0
1557,0
6141,1
1966,0
6232,1
1289,1
2898,0
12427,0
9743,1
6779,1
7685,0
9085,0
11590,0
2871,1
680,0
104,1
10213,1
11355,0
5859,1
8734,0
11256,0
6882,1
2454,0
3398,1
7952,1
2936,1
9399,1
10987,1
414,0
7395,1
9762,0
4855,1
11659,0
1961,1
11134,0
4476,1
10936,0
11651,1
4145,1
11263,0
992,1
6104,1
2836,1
1926,1
344,1
529,0
4257,0
8717,0
5493,1
20,0
2048,1
5722,1
1362,0
4593,1
8528,1
1788,1
8062,0
7322,0
3040,0
7721,0
10699,0
427,1
8671,1
3727,0
2150,1
8678,1
1789,1
4260,1
1071,1
12364,1
10146,1
4436,1
702,0
3513,0
6205,0
11220,1
5600,1
2969,1
12283,0
12165,1
11525,1
8953,1
4760,0
3401,1
7348,1
2979,0
1132,0
3017,0
3858,1
5799,1
9261,1
5006,0
8433,1
5552,1
1894,1
9132,1
10893,1
1586,0
173,0
11816,1
5117,0
10929,0
11661,1
3377,0
5809,0
9539,1
3238,0
1560,0
9236,0
10445,1
11797,1
10493,1
1811,1
11751,0
8724,0
1975,0
326,1
12418,0
11004,0
4525,0
5080,1
3281,1
11091,1
1996,1
2662,0
8999,0
2162,1
223,0
2212,1
3274,1
5285,1
6325,0
7390,1
3538,1
7977,1
1536,1
2419,0
1973,0
3631,0
8421,0
6740,0
7788,1
1357,1
4216,0
3184,1
5562,1
6064,1
12020,0
6001,0
1331,1
3035,0
12423,0
7343,1
10410,0
8431,0
9639,1
8439,1
1315,1
4508,1
12052,1
5192,0
10177,1
4533,0
9770,1
6056,1
8197,1
2399,0
8991,0
4297,1
8822,0
9307,0
9004,0
12223,0
4586,1
11034,0
641,1
5570,1
661,1
1997,1
7407,1
9995,1
6438,1
1053,1
403,1
658,1
1620,0
1627,0
8938,1
4764,0
5020,1
4657,0
11214,1
3131,0
52,0
1731,1
7418,1
11738,0
11016,0
5987,1
8902,1
8868,0
12042,1
9989,1
3510,0
3447,0
7925,1
4064,0
2709,1
6349,0
3830,0
11993,1
11389,1
5998,0
9622,1
3085,0
2129,0
5583,0
1553,1
8913,1
646,1
1967,0
1768,1
3964,0
2820,1
7572,1
10751,0
10105,1
9780,0
10969,1
12118,0
5720,1
731,0
10079,0
5429,1
9561,0
6548,1
9334,1
10505,1
8716,1
9277,1
647,0
1905,1
11948,0
993,0
9520,1
11011,1
5575,0
11196,0
5789,0
9270,0
6788,0
11500,0
3948,1
3158,0
4319,1
3278,1
7304,0
5148,1
10200,0
3301,1
10411,0
7148,0
3784,1
8533,0
2707,0
1092,0
5312,0
8104,0
8545,1
2051,0
10551,0
7777,0
12124,0
11717,0
5339,1
9401,1
3090,0
3019,1
3440,1
7468,1
8265,1
5709,1
3794,1
10251,0
898,0
10728,0
3262,1
11575,1
7786,1
1321,1
1318,1
3245,1
755,0
9646,1
11501,1
3865,0
1312,0
135,1
6100,1
1955,0
674,1
11202,1
600,0
336,0
12224,1
10601,1
6171,1
477,0
3251,1
6245,1
4449,0
2998,1
3941,0
3825,0
4516,1
5374,0
5933,0
7482,1
845,1
397,1
1895,0
501,0
5642,0
2456,0
8443,0
4762,0
9550,1
6905,1
2604,0
7033,0
9315,1
7459,0
6705,0
12029,0
11748,1
10203,1
10324,1
7131,1
7880,1
4951,0
896,1
1014,1
7117,1
8040,1
455,1
10912,1
3449,0
8484,0
7271,1
1945,1
10824,0
635,0
7204,1
3834,0
8577,0
8959,1
1532,1
1120,1
2326,1
2284,1
5637,0
6218,0
936,1
7743,0
11704,0
574,0
2731,0
2549,0
5113,0
1922,1
2830,1
5124,0
7323,1
7249,1
8404,0
812,1
8381,0
7332,1
4238,1
568,0
5222,1
2195,0
9960,0
4575,1
1919,0
2682,1
2530,0
1767,1
4608,0
3779,0
8596,0
11249,0
2409,0
6547,1
